Unnamed: 0.1,Unnamed: 0,Name,Club,Nationality,Position,Age,Matches,Starts,Mins,Goals,Assists,Passes_Attempted,Perc_Passes_Completed,Penalty_Goals,Penalty_Attempted,xG,xA,Yellow_Cards,Red_Cards,Goals_per_90,Assists_per_90,xG_Efficiency
-1.73,-1.7,Mason Mount,Chelsea,ENG,"MF,FW",-1.13,1.36,1.33,1.39,1.03,1.53,1.68,0.4,0.81,0.66,0.45,1.86,-0.22,-0.33,0.41,0.71,0.63
-1.72,-1.69,Timo Werner,Chelsea,GER,FW,-0.38,1.27,1.05,1.09,1.03,2.88,0.01,-0.28,-0.25,-0.27,1.76,1.5,-0.22,-0.33,0.53,1.83,-0.09
-1.71,-1.68,Ben Chilwell,Chelsea,ENG,DF,-0.63,0.49,0.87,0.76,0.19,1.53,1.56,-0.09,-0.25,-0.27,-0.27,0.3,0.21,-0.33,-0.01,1.08,0.7
-1.7,-1.68,Reece James,Chelsea,ENG,DF,-1.38,0.98,0.69,0.85,-0.36,0.18,1.85,0.77,-0.25,-0.27,-0.53,0.42,0.21,-0.33,-0.5,-0.03,0.02
-1.7,-1.67,César Azpilicueta,Chelsea,ESP,DF,1.12,0.4,0.6,0.65,-0.36,0.18,1.9,1.1,-0.25,-0.27,-0.73,0.3,1.07,2.85,-0.5,-0.03,0.87
-1.69,-1.66,N'Golo Kanté,Chelsea,FRA,MF,0.87,0.78,0.6,0.61,-0.64,0.18,1.08,0.98,-0.25,-0.27,-0.66,-0.42,1.93,-0.33,-0.74,-0.03,-0.84
-1.68,-1.66,Jorginho,Chelsea,ITA,MF,0.62,0.59,0.5,0.47,1.31,-0.26,1.46,1.37,7.18,8.07,1.11,0.06,-0.22,-0.33,1.14,-0.4,0.32
-1.67,-1.65,Thiago Silva,Chelsea,BRA,DF,2.38,0.1,0.5,0.39,-0.08,-0.71,1.67,1.9,-0.25,-0.27,-0.59,-0.78,1.07,2.85,-0.19,-0.77,1.21
-1.66,-1.64,Kurt Zouma,Chelsea,FRA,DF,-0.13,0.2,0.41,0.49,0.75,-0.71,1.43,1.69,-0.25,-0.27,-0.4,-1.02,0.21,-0.33,0.59,-0.77,2.37
-1.66,-1.64,Mateo Kovačić,Chelsea,CRO,MF,0.12,0.49,0.32,0.26,-0.64,-0.26,1.45,1.57,-0.25,-0.27,-0.59,0.06,0.64,-0.33,-0.74,-0.31,-0.84
-1.65,-1.63,Antonio Rüdiger,Chelsea,GER,DF,0.37,-0.28,0.14,0.15,-0.36,-0.71,1.04,1.53,-0.25,-0.27,-0.53,-0.78,-1.08,-0.33,-0.44,-0.77,0.02
-1.64,-1.62,Christian Pulisic,Chelsea,USA,"FW,MF",-1.13,0.49,0.05,0.18,0.47,0.18,-0.21,0.1,-0.25,-0.27,0.91,0.66,-0.22,-0.33,0.53,0.16,-0.11
-1.63,-1.62,Kai Havertz,Chelsea,GER,"MF,FW",-1.13,0.49,0.05,-0.05,0.47,0.63,-0.09,0.91,-0.25,-0.27,1.5,0.06,-0.22,-0.33,0.72,0.9,-0.28
-1.62,-1.61,Andreas Christensen,Chelsea,DEN,DF,-0.38,-0.48,-0.23,-0.21,-0.64,-0.71,0.42,1.81,-0.25,-0.27,-0.86,-0.78,-0.22,2.85,-0.74,-0.77,-0.84
-1.61,-1.61,Hakim Ziyech,Chelsea,MAR,"FW,MF",0.37,0.1,-0.23,-0.42,-0.08,0.63,-0.14,-0.61,-0.25,-0.27,0.06,2.34,0.21,-0.33,0.17,1.36,-0.15
-1.61,-1.6,Tammy Abraham,Chelsea,ENG,FW,-0.88,0.01,-0.5,-0.56,1.03,-0.26,-0.96,-1.47,-0.25,-0.27,2.74,-0.18,-1.08,-0.33,2.41,0.06,-0.29
-1.6,-1.59,Marcos Alonso,Chelsea,ESP,DF,0.87,-0.86,-0.59,-0.64,-0.08,-0.71,-0.36,0.31,-0.25,-0.27,0.13,0.3,-0.22,-0.33,0.41,-0.77,-0.2
-1.59,-1.59,Callum Hudson-Odoi,Chelsea,ENG,"FW,DF",-1.63,0.1,-0.68,-0.54,-0.08,0.63,-0.26,0.39,-0.25,-0.27,-0.14,2.1,-1.08,-0.33,0.29,1.55,0.02
-1.58,-1.58,Olivier Giroud,Chelsea,FRA,FW,1.88,-0.48,-0.86,-0.86,0.47,-0.71,-0.96,-0.68,-0.25,-0.27,2.87,0.06,-0.65,-0.33,2.17,-0.77,-0.48
-1.57,-1.57,Billy Gilmour,Chelsea,SCO,MF,-1.63,-1.64,-1.32,-1.38,-0.64,-0.71,-0.96,1.34,-0.25,-0.27,-0.86,-0.54,-1.08,-0.33,-0.74,-0.77,-0.84
-1.57,-1.53,Ross Barkley,Chelsea,ENG,MF,0.12,-1.93,-1.6,-1.61,-0.64,-0.71,-1.26,0.71,-0.25,-0.27,-0.53,0.9,-1.08,-0.33,-0.74,-0.77,-0.84
-1.56,-1.52,Rúben Dias,Manchester City,POR,DF,-0.63,0.98,1.33,1.34,-0.36,-0.71,2.94,1.92,-0.25,-0.27,-0.46,-1.02,0.64,-0.33,-0.56,-0.77,-0.11
-1.55,-1.51,Rodri,Manchester City,ESP,MF,-0.38,1.17,1.23,1.24,-0.08,0.18,3.03,1.64,0.81,0.66,-0.4,-0.3,1.5,-0.33,-0.31,-0.12,0.44
-1.54,-1.51,Raheem Sterling,Manchester City,ENG,FW,-0.13,0.88,0.96,1.02,2.15,2.43,0.49,0.82,-0.25,0.66,1.89,1.02,0.64,-0.33,1.38,1.55,0.35
-1.53,-1.5,João Cancelo,Manchester City,POR,DF,0.12,0.59,0.87,0.77,-0.08,0.63,2.02,0.86,-0.25,-0.27,-0.4,1.26,1.07,2.85,-0.25,0.34,0.44
-1.53,-1.5,Bernardo Silva,Manchester City,POR,"MF,FW",-0.13,0.4,0.6,0.52,-0.08,1.98,0.96,1.39,-0.25,-0.27,-0.14,0.9,1.07,-0.33,-0.19,1.64,0.02
-1.52,-1.49,İlkay Gündoğan,Manchester City,GER,MF,0.87,0.59,0.5,0.49,2.99,0.18,1.41,1.57,0.81,1.58,1.7,1.38,-0.65,-0.33,2.78,0.06,0.83
-1.51,-1.48,Kevin De Bruyne,Manchester City,BEL,MF,0.87,0.3,0.5,0.45,1.03,4.67,0.93,-0.44,1.87,2.51,1.96,4.49,-0.65,-0.33,0.9,4.24,-0.14
-1.5,-1.48,Riyad Mahrez,Manchester City,ALG,FW,0.87,0.49,0.5,0.4,1.87,1.98,0.42,0.66,-0.25,-0.27,0.78,2.22,-1.08,-0.33,1.81,1.83,0.94
-1.49,-1.47,Gabriel Jesus,Manchester City,BRA,FW,-0.63,0.69,0.41,0.52,1.87,1.08,-0.11,0.71,-0.25,-0.27,1.56,0.78,-0.22,-0.33,1.62,0.8,0.38
-1.49,-1.46,Kyle Walker,Manchester City,ENG,DF,1.12,0.2,0.41,0.4,-0.36,-0.26,1.71,1.35,-0.25,-0.27,-0.86,-0.78,-0.65,-0.33,-0.44,-0.31,4.29
-1.48,-1.46,John Stones,Manchester City,ENG,DF,0.12,0.01,0.41,0.38,0.47,-0.71,1.42,2.01,-0.25,-0.27,-0.27,-1.02,-1.08,2.85,0.41,-0.77,1.21
-1.47,-1.45,Phil Foden,Manchester City,ENG,"FW,MF",-1.38,0.59,-0.04,0.05,1.87,1.53,0.03,0.36,-0.25,-0.27,1.11,1.74,-1.08,-0.33,2.29,1.83,0.65
-1.46,-1.44,Oleksandr Zinchenko,Manchester City,UKR,DF,-0.63,-0.19,-0.23,-0.09,-0.64,-0.71,1.04,1.46,-0.25,-0.27,-0.66,-0.06,-1.08,-0.33,-0.74,-0.77,-0.84
-1.45,-1.44,Ferrán Torres,Manchester City,ESP,"FW,MF",-1.38,0.2,-0.23,-0.28,1.31,0.18,-0.6,0.28,-0.25,-0.27,1.5,0.54,-0.65,-0.33,2.17,0.53,0.13
-1.44,-1.43,Aymeric Laporte,Manchester City,FRA,DF,0.12,-0.57,-0.32,-0.24,-0.64,-0.71,0.7,1.7,-0.25,-0.27,-0.59,-0.42,-0.65,-0.33,-0.74,-0.77,-0.84
-1.44,-1.42,Fernandinho,Manchester City,BRA,MF,2.38,-0.09,-0.5,-0.4,-0.64,0.18,0.29,1.14,-0.25,-0.27,-0.53,-0.18,1.5,-0.33,-0.74,0.62,-0.84
-1.43,-1.42,Benjamin Mendy,Manchester City,FRA,DF,0.12,-0.86,-0.59,-0.65,-0.08,-0.26,-0.27,0.32,-0.25,-0.27,-0.66,-0.54,-0.22,-0.33,0.41,0.06,1.73
-1.42,-1.41,Nathan Aké,Manchester City,NED,DF,-0.13,-1.15,-0.77,-0.81,-0.36,-0.71,-0.11,1.84,-0.25,-0.27,-0.86,-1.02,0.64,-0.33,-0.07,-0.77,4.29
-1.41,-1.4,Sergio Agüero,Manchester City,ARG,"FW,MF",1.63,-0.96,-0.96,-1.06,0.47,-0.26,-1.03,0.64,0.81,1.58,2.61,1.5,-1.08,-0.33,3.14,0.71,-0.46
-1.4,-1.4,Eric García,Manchester City,ESP,DF,-1.63,-1.54,-1.32,-1.25,-0.64,-0.71,-0.76,1.92,-0.25,-0.27,-0.73,-0.78,-1.08,-0.33,-0.74,-0.77,-0.84
-1.4,-1.38,Liam Delap,Manchester City,ENG,FW,-2.13,-2.03,-1.6,-1.61,-0.64,-0.71,-1.29,-1.06,-0.25,-0.27,-0.53,-1.02,-1.08,-0.33,-0.74,-0.77,-0.84
-1.39,-1.37,Bruno Fernandes,Manchester United,POR,MF,-0.13,1.46,1.6,1.61,4.39,4.67,2.32,-0.63,9.3,9.0,2.02,2.82,1.5,-0.33,2.41,2.48,1.21
-1.38,-1.37,Aaron Wan-Bissaka,Manchester United,ENG,DF,-0.88,1.17,1.51,1.57,-0.08,1.08,1.97,0.9,-0.25,-0.27,-0.73,-0.18,0.21,-0.33,-0.38,0.34,2.58
-1.37,-1.36,Harry Maguire,Manchester United,ENG,DF,0.37,1.17,1.51,1.56,-0.08,-0.26,2.09,1.3,-0.25,-0.27,-0.53,-0.9,3.65,-0.33,-0.38,-0.49,0.87
-1.36,-1.35,Marcus Rashford,Manchester United,ENG,FW,-0.88,1.46,1.42,1.42,2.43,3.32,0.66,0.18,-0.25,-0.27,0.98,0.3,0.64,-0.33,1.32,1.83,1.11
-1.36,-1.35,Luke Shaw,Manchester United,ENG,DF,-0.13,0.98,1.14,1.14,-0.36,1.53,1.9,0.31,-0.25,-0.27,-0.79,1.14,2.36,-0.33,-0.56,0.8,1.73
-1.35,-1.34,Victor Lindelöf,Manchester United,SWE,DF,0.12,0.69,1.05,1.07,-0.36,-0.26,1.55,1.58,-0.25,-0.27,-0.79,-0.78,-1.08,-0.33,-0.56,-0.49,1.73
-1.34,-1.33,Fred,Manchester United,BRA,MF,0.37,0.78,0.87,0.87,-0.36,-0.71,1.49,1.19,-0.25,-0.27,-0.46,0.18,1.07,-0.33,-0.5,-0.77,-0.11
-1.33,-1.32,Scott McTominay,Manchester United,SCO,MF,-0.63,0.98,0.6,0.59,0.47,-0.26,0.71,1.07,-0.25,-0.27,-0.33,-0.54,0.21,-0.33,0.29,-0.4,1.44
-1.32,-1.31,Paul Pogba,Manchester United,FRA,"MF,FW",0.37,0.4,0.32,0.35,0.19,0.63,0.83,0.47,-0.25,-0.27,-0.27,0.18,0.21,-0.33,0.11,0.53,0.7
-1.32,-1.31,Mason Greenwood,Manchester United,ENG,FW,-1.88,0.88,0.32,0.27,1.31,0.18,-0.14,0.51,-0.25,-0.27,1.5,0.06,-0.22,-0.33,1.38,0.16,0.13
-1.31,-1.3,Anthony Martial,Manchester United,FRA,FW,-0.38,0.01,-0.04,-0.09,0.47,0.63,-0.53,0.47,-0.25,-0.27,1.7,0.42,-1.08,2.85,0.72,0.9,-0.33
-1.3,-1.29,Edinson Cavani,Manchester United,URU,FW,1.88,0.4,-0.41,-0.2,2.15,0.63,-0.76,-0.08,-0.25,-0.27,2.22,1.02,0.64,-0.33,3.2,1.08,0.23
-1.29,-1.28,Nemanja Matić,Manchester United,SRB,MF,1.37,-0.19,-0.5,-0.49,-0.64,-0.71,0.24,1.5,-0.25,-0.27,-0.79,-0.66,-0.22,-0.33,-0.74,-0.77,-0.84
-1.28,-1.27,Daniel James,Manchester United,WAL,FW,-0.88,-0.67,-0.59,-0.69,0.19,-0.26,-0.82,-0.17,-0.25,-0.27,0.58,0.42,0.21,-0.33,1.08,0.16,-0.17
-1.27,-1.27,Eric Bailly,Manchester United,CIV,DF,0.12,-0.96,-0.68,-0.69,-0.64,-0.71,-0.44,1.48,-0.25,-0.27,-0.86,-1.02,0.21,-0.33,-0.74,-0.77,-0.84
-1.27,-1.26,Alex Telles,Manchester United,BRA,DF,0.37,-1.25,-0.86,-0.92,-0.64,0.18,-0.4,0.16,-0.25,-0.27,-0.79,0.78,-1.08,-0.33,-0.74,1.64,-0.84
-1.26,-1.26,Juan Mata,Manchester United,ESP,"FW,MF",1.63,-1.25,-1.05,-1.11,-0.36,0.18,-0.84,0.63,0.81,0.66,0.32,0.78,-1.08,-0.33,0.35,2.48,-0.57
-1.25,-1.25,Donny van de Beek,Manchester United,NED,"MF,FW",-0.63,-0.28,-1.23,-1.1,-0.36,-0.26,-0.86,0.66,-0.25,-0.27,-0.59,1.02,-0.65,-0.33,0.29,0.8,0.19
-1.24,-1.24,Brandon Williams,Manchester United,ENG,DF,-1.63,-1.74,-1.41,-1.45,-0.64,-0.71,-1.08,0.86,-0.25,-0.27,-0.59,-0.9,-1.08,-0.33,-0.74,-0.77,-0.84
-1.23,-1.23,Amad Diallo,Manchester United,CIV,FW,-1.88,-1.83,-1.41,-1.48,-0.64,-0.26,-1.2,0.69,-0.25,-0.27,-0.79,2.1,-1.08,-0.33,-0.74,4.24,-0.84
-1.23,-1.22,Anthony Elanga,Manchester United,SWE,FW,-1.88,-1.93,-1.41,-1.49,-0.36,-0.71,-1.22,0.24,-0.25,-0.27,0.13,-0.78,-1.08,-0.33,2.78,-0.77,-0.52
-1.22,-1.22,Timothy Fosu-Mensah,Manchester United,NED,DF,-0.88,-2.03,-1.5,-1.57,-0.64,-0.71,-1.19,0.99,-0.25,-0.27,-0.73,2.7,-0.65,-0.33,-0.74,-0.77,-0.84
-1.21,-1.18,Andrew Robertson,Liverpool FC,SCO,DF,0.12,1.56,1.87,1.91,-0.36,2.43,3.8,0.08,-0.25,-0.27,-0.66,1.14,-0.22,-0.33,-0.56,0.99,0.44
-1.2,-1.18,Mohamed Salah,Liverpool FC,EGY,FW,0.62,1.46,1.51,1.59,5.51,1.53,0.74,0.52,6.12,5.29,3.07,1.14,-1.08,-0.33,3.14,0.62,1.01
-1.19,-1.17,Trent Alexander-Arnold,Liverpool FC,ENG,DF,-1.13,1.36,1.51,1.54,-0.08,2.43,3.37,-0.53,-0.25,-0.27,-0.4,1.86,-0.22,-0.33,-0.38,1.18,0.44
-1.19,-1.16,Georginio Wijnaldum,Liverpool FC,NED,MF,0.87,1.56,1.51,1.45,-0.08,-0.71,1.47,1.88,-0.25,-0.27,-0.27,-0.42,-0.65,-0.33,-0.38,-0.77,0.19
-1.18,-1.16,Alisson,Liverpool FC,BRA,GK,0.37,1.07,1.42,1.48,-0.36,-0.71,0.5,0.79,-0.25,-0.27,-0.92,-1.02,-0.65,-0.33,-0.56,-0.77,-0.84
-1.17,-1.15,Roberto Firmino,Liverpool FC,BRA,FW,0.62,1.36,1.42,1.34,1.87,2.43,0.77,0.06,-0.25,-0.27,1.7,1.38,-0.22,-0.33,1.02,1.27,0.32
-1.16,-1.15,Sadio Mané,Liverpool FC,SEN,FW,0.62,1.27,1.23,1.31,2.43,2.43,0.39,-0.52,-0.25,-0.27,2.28,1.14,0.21,-0.33,1.38,1.27,0.31
-1.15,-1.14,Fabinho,Liverpool FC,BRA,"DF,MF",0.12,0.78,0.96,1.05,-0.64,-0.71,1.95,1.58,-0.25,-0.27,-0.79,-0.9,1.5,-0.33,-0.74,-0.77,-0.84
-1.15,-1.13,Thiago Alcántara,Liverpool FC,ESP,MF,0.87,0.2,0.23,0.3,-0.36,-0.71,1.35,1.37,-0.25,-0.27,-0.46,0.3,0.64,-0.33,-0.44,-0.77,-0.11
-1.14,-1.13,Jordan Henderson,Liverpool FC,ENG,"MF,DF",1.12,-0.09,0.23,0.14,-0.36,-0.26,1.57,1.01,-0.25,-0.27,-0.33,-0.18,-1.08,-0.33,-0.44,-0.31,-0.27
-1.13,-1.12,Nathaniel Phillips,Liverpool FC,ENG,DF,-0.63,-0.48,-0.23,-0.12,-0.36,-0.26,0.38,1.06,-0.25,-0.27,-0.46,-0.78,-0.22,-0.33,-0.38,-0.22,-0.11
-1.12,-1.11,Curtis Jones,Liverpool FC,ENG,MF,-1.63,0.2,-0.41,-0.41,-0.36,0.18,0.25,1.6,-0.25,-0.27,-0.2,0.42,-0.22,-0.33,-0.25,0.62,-0.37
-1.11,-1.11,Diogo Jota,Liverpool FC,POR,FW,-0.63,-0.28,-0.5,-0.48,1.87,-0.71,-0.59,-0.91,-0.25,-0.27,2.55,0.54,-0.22,-0.33,3.69,-0.77,0.03
-1.1,-1.1,James Milner,Liverpool FC,ENG,"MF,DF",2.13,0.4,-0.59,-0.52,-0.64,-0.26,0.15,0.75,-0.25,-0.27,-0.66,0.18,0.21,-0.33,-0.74,-0.03,-0.84
-1.1,-1.09,Ozan Kabak,Liverpool FC,TUR,DF,-1.38,-1.25,-0.77,-0.81,-0.64,-0.71,-0.42,1.52,-0.25,-0.27,-0.86,-0.78,0.21,-0.33,-0.74,-0.77,-0.84
-1.09,-1.09,Joël Matip,Liverpool FC,CMR,DF,0.62,-1.15,-0.77,-0.92,-0.36,0.18,-0.47,1.22,-0.25,-0.27,-0.4,0.66,-0.22,-0.33,0.05,1.64,-0.2
-1.08,-1.08,Rhys Williams,Liverpool FC,ENG,DF,-1.63,-1.25,-0.96,-0.95,-0.64,-0.71,-0.59,1.7,-0.25,-0.27,-0.46,-0.42,-1.08,-0.33,-0.74,-0.77,-0.84
-1.07,-1.07,Naby Keïta,Liverpool FC,GUI,MF,-0.13,-1.15,-0.96,-1.1,-0.64,-0.71,-0.74,1.09,-0.25,-0.27,-0.33,0.66,-0.65,-0.33,-0.74,-0.77,-0.84
-1.06,-1.06,Xherdan Shaqiri,Liverpool FC,SUI,"MF,FW",0.62,-0.77,-1.14,-1.07,-0.64,0.18,-0.63,0.58,-0.25,-0.27,-0.53,4.85,-0.22,-0.33,-0.74,2.2,-0.84
-1.06,-1.05,Virgil van Dijk,Liverpool FC,NED,DF,0.87,-1.64,-1.14,-1.26,-0.36,-0.71,-0.78,1.44,-0.25,-0.27,-0.4,-1.02,-0.65,-0.33,0.72,-0.77,-0.2
-1.05,-1.04,Neco Williams,Liverpool FC,WAL,DF,-1.63,-1.54,-1.32,-1.39,-0.64,-0.71,-0.97,-0.82,-0.25,-0.27,-0.73,0.18,-0.65,-0.33,-0.74,-0.77,-0.84
-1.04,-1.04,Takumi Minamino,Liverpool FC,JPN,"MF,FW",-0.13,-1.25,-1.41,-1.34,-0.36,-0.71,-1.08,0.08,-0.25,-0.27,0.39,-1.02,-1.08,-0.33,1.14,-0.77,-0.58
-1.03,-1.03,Alex Oxlade-Chamberlain,Liverpool FC,ENG,"FW,MF",0.12,-0.86,-1.41,-1.38,-0.36,-0.26,-1.09,-0.52,-0.25,-0.27,-0.07,-0.06,-1.08,-0.33,1.44,2.57,-0.44
-1.02,-1.02,Divock Origi,Liverpool FC,BEL,FW,-0.13,-1.25,-1.41,-1.45,-0.64,-0.71,-1.21,-0.35,-0.25,-0.27,2.15,0.3,-1.08,-0.33,-0.74,-0.77,-0.84
-1.02,-1.0,Youri Tielemans,Leicester City,BEL,MF,-0.63,1.56,1.78,1.88,1.03,1.08,2.76,-0.09,1.87,1.58,-0.14,0.06,1.5,-0.33,0.23,0.25,1.73
-1.01,-0.99,Jamie Vardy,Leicester City,ENG,FW,1.88,1.17,1.23,1.34,3.55,3.32,-0.59,-1.73,8.24,8.07,3.14,0.9,-0.65,-0.33,2.17,1.92,0.4
-1.0,-0.98,Jonny Evans,Leicester City,NIR,DF,1.63,0.59,0.96,0.95,-0.08,0.18,1.5,1.1,-0.25,-0.27,-0.53,-0.9,1.93,-0.33,-0.31,-0.12,0.87
-0.99,-0.98,Timothy Castagne,Leicester City,BEL,DF,-0.38,0.49,0.87,0.82,-0.08,0.63,1.1,0.6,-0.25,-0.27,-0.59,-0.06,-0.65,-0.33,-0.25,0.34,1.21
-0.98,-0.97,Wesley Fofana,Leicester City,FRA,DF,-1.63,0.59,0.87,0.73,-0.64,-0.71,1.35,1.19,-0.25,-0.27,-0.66,-0.9,1.93,-0.33,-0.74,-0.77,-0.84
-0.98,-0.96,Wilfred Ndidi,Leicester City,NGA,"MF,DF",-0.63,0.4,0.69,0.64,-0.36,1.08,0.86,1.18,-0.25,-0.27,-0.73,-0.3,1.5,-0.33,-0.5,0.8,0.87
-0.97,-0.96,James Maddison,Leicester City,ENG,"MF,FW",-0.63,0.88,0.6,0.56,1.59,1.53,0.47,-0.27,-0.25,-0.27,0.32,1.74,0.64,-0.33,1.32,1.18,1.32
-0.96,-0.95,James Justin,Leicester City,ENG,DF,-0.88,0.1,0.5,0.53,-0.08,-0.26,0.68,-0.01,-0.25,-0.27,-0.46,-0.18,0.64,-0.33,-0.19,-0.4,0.63
-0.95,-0.94,Harvey Barnes,Leicester City,ENG,"FW,MF",-0.88,0.3,0.41,0.4,1.87,1.08,-0.31,-0.6,-0.25,-0.27,0.98,-0.18,-1.08,-0.33,1.81,0.99,0.75
-0.94,-0.94,Çağlar Söyüncü,Leicester City,TUR,DF,-0.38,0.1,0.14,0.26,-0.36,-0.71,0.84,1.3,-0.25,-0.27,-0.73,-0.9,-0.22,-0.33,-0.44,-0.77,0.87
-0.93,-0.93,Marc Albrighton,Leicester City,ENG,"DF,FW",1.12,0.88,-0.04,0.19,-0.36,1.53,0.16,-1.4,-0.25,-0.27,-0.46,1.74,-0.22,-0.33,-0.44,1.64,-0.11
-0.93,-0.93,Kelechi Iheanacho,Leicester City,NGA,FW,-0.63,0.3,-0.13,-0.11,2.71,0.18,-0.51,0.07,-0.25,0.66,2.22,1.14,-0.65,-0.33,3.75,0.34,0.44
-0.92,-0.92,Nampalys Mendy,Leicester City,SEN,MF,0.62,0.1,-0.23,-0.11,-0.64,-0.26,0.23,1.62,-0.25,-0.27,-0.86,-0.78,1.07,-0.33,-0.74,-0.22,-0.84
-0.91,-0.91,Ayoze Pérez,Leicester City,ESP,"MF,FW",0.37,0.3,-0.23,-0.25,-0.08,-0.26,-0.51,-0.36,-0.25,-0.27,0.52,-0.06,-0.22,-0.33,0.11,-0.12,-0.37
-0.9,-0.91,Luke Thomas,Leicester City,ENG,DF,-1.63,-0.77,-0.5,-0.63,-0.36,-0.71,-0.54,-0.68,-0.25,-0.27,-0.73,-0.78,-0.22,-0.33,-0.19,-0.77,0.87
-0.89,-0.9,Ricardo Pereira,Leicester City,POR,DF,0.12,-0.67,-0.68,-0.64,-0.64,-0.26,-0.47,-0.13,-0.25,-0.27,-0.66,-0.42,0.21,-0.33,-0.74,0.06,-0.84
-0.89,-0.89,Dennis Praet,Leicester City,BEL,"MF,FW",0.12,-0.67,-0.68,-0.89,-0.36,-0.26,-0.81,-0.01,-0.25,-0.27,-0.46,0.18,-1.08,-0.33,0.05,0.43,-0.11
-0.88,-0.89,Daniel Amartey,Leicester City,GHA,DF,-0.13,-0.96,-0.86,-0.89,-0.36,-0.71,-0.56,0.87,-0.25,-0.27,-0.59,-1.02,0.21,-0.33,-0.01,-0.77,0.19
-0.87,-0.88,Christian Fuchs,Leicester City,AUT,DF,2.13,-1.25,-0.86,-0.91,-0.64,-0.71,-0.37,0.26,-0.25,-0.27,-0.86,-1.02,0.64,-0.33,-0.74,-0.77,-0.84
-0.86,-0.87,Hamza Choudhury,Leicester City,ENG,MF,-0.88,-1.15,-1.23,-1.32,-0.64,-0.71,-0.93,0.22,-0.25,-0.27,-0.2,-1.02,-0.65,-0.33,-0.74,-0.77,-0.84
-0.85,-0.87,Cengiz Ünder,Leicester City,TUR,"MF,FW",-0.63,-1.25,-1.5,-1.35,-0.64,0.18,-1.1,-1.18,-0.25,-0.27,-0.4,5.81,-1.08,-0.33,-0.74,5.17,-0.84
-0.85,-0.86,Sidnei Tavares,Leicester City,POR,MF,-1.88,-1.93,-1.5,-1.56,-0.64,-0.71,-1.26,-0.83,-0.25,-0.27,-0.53,-1.02,-1.08,-0.33,-0.74,-0.77,-0.84
-0.84,-0.85,Islam Slimani,Leicester City,ALG,FW,1.63,-2.03,-1.6,-1.63,-0.64,-0.71,-1.29,-0.88,-0.25,-0.27,0.32,0.54,-1.08,-0.33,-0.74,-0.77,-0.84
-0.83,-0.85,Demarai Gray,Leicester City,ENG,FW,-0.38,-2.03,-1.6,-1.63,-0.64,-0.71,-1.29,-2.1,-0.25,-0.27,1.89,-1.02,-1.08,-0.33,-0.74,-0.77,-0.84
-0.82,-0.83,Tomáš Souček,West Ham United,CZE,MF,-0.13,1.56,1.87,1.95,2.15,-0.26,1.14,-0.32,-0.25,-0.27,0.65,-0.54,1.93,2.85,0.84,-0.49,1.3
-0.81,-0.82,Aaron Cresswell,West Ham United,ENG,DF,1.12,1.36,1.69,1.69,-0.64,2.88,1.97,-0.6,-0.25,-0.27,-0.73,1.02,0.21,-0.33,-0.74,1.36,-0.84
-0.81,-0.81,Vladimír Coufal,West Ham United,CZE,DF,0.37,1.17,1.51,1.56,-0.64,2.43,1.38,-1.12,-0.25,-0.27,-0.66,0.66,0.21,-0.33,-0.74,1.18,-0.84
-0.8,-0.8,Declan Rice,West Ham United,ENG,MF,-1.13,0.98,1.33,1.38,-0.08,-0.26,1.09,0.93,0.81,1.58,-0.27,-0.3,-0.22,-0.33,-0.38,-0.49,0.19
-0.79,-0.8,Pablo Fornals,West Ham United,ESP,"FW,MF",-0.38,1.07,1.23,1.06,0.75,1.08,0.45,-0.27,-0.25,-0.27,0.58,0.06,0.21,-0.33,0.29,0.53,0.28
-0.78,-0.79,Jarrod Bowen,West Ham United,ENG,"FW,MF",-0.63,1.56,1.14,1.05,1.59,1.53,-0.14,-1.51,-0.25,-0.27,0.52,0.9,-1.08,-0.33,0.96,0.9,1.03
-0.77,-0.78,Angelo Ogbonna,West Ham United,ITA,DF,1.63,0.59,0.96,0.97,0.19,-0.71,0.22,0.69,-0.25,-0.27,-0.59,-0.54,1.07,-0.33,-0.07,-0.77,2.24
-0.76,-0.78,Michail Antonio,West Ham United,ENG,FW,1.12,0.4,0.6,0.43,2.15,1.53,-0.53,-1.71,-0.25,-0.27,2.48,0.3,0.21,-0.33,2.05,1.36,0.15
-0.76,-0.77,Craig Dawson,West Ham United,ENG,DF,1.12,0.01,0.41,0.38,0.19,-0.71,-0.16,0.43,-0.25,-0.27,-0.4,-1.02,1.07,2.85,0.11,-0.77,1.08
-0.75,-0.76,Jesse Lingard,West Ham United,ENG,"MF,FW",0.37,-0.57,-0.13,-0.15,1.87,1.08,-0.24,0.27,0.81,1.58,1.17,0.06,0.21,-0.33,2.72,1.55,0.6
-0.74,-0.76,Issa Diop,West Ham United,FRA,DF,-0.63,-0.38,-0.23,-0.2,-0.08,-0.71,-0.41,0.69,-0.25,-0.27,-0.79,-1.02,0.21,-0.33,0.05,-0.77,4.29
-0.73,-0.75,Saïd Benrahma,West Ham United,ALG,"FW,MF",-0.38,0.78,-0.32,-0.19,-0.36,1.98,-0.47,-0.17,-0.25,-0.27,0.06,2.34,-1.08,-0.33,-0.38,2.85,-0.5
-0.72,-0.74,Fabián Balbuena,West Ham United,PAR,DF,0.62,-0.77,-0.41,-0.39,-0.36,-0.71,-0.57,-0.33,-0.25,-0.27,-0.59,-1.02,-0.65,2.85,-0.25,-0.77,0.19
-0.72,-0.74,Arthur Masuaku,West Ham United,COD,"DF,FW",0.12,-0.96,-0.5,-0.59,-0.64,0.18,-0.43,0.11,-0.25,-0.27,-0.73,1.02,-0.22,-0.33,-0.74,0.9,-0.84
-0.71,-0.73,Sébastien Haller,West Ham United,CIV,FW,0.12,-0.57,-0.68,-0.66,0.19,-0.71,-0.9,-1.52,-0.25,-0.27,0.91,0.42,-1.08,-0.33,1.02,-0.77,-0.29
-0.7,-0.72,Ryan Fredericks,West Ham United,ENG,"DF,FW",0.37,-0.77,-1.05,-1.05,-0.36,-0.26,-0.86,-0.87,-0.25,-0.27,-0.59,1.26,-0.22,-0.33,0.23,0.71,0.19
-0.69,-0.71,Manuel Lanzini,West Ham United,ARG,"MF,FW",0.37,-0.48,-1.14,-1.05,-0.36,-0.26,-0.72,1.29,-0.25,-0.27,0.26,0.66,-0.65,-0.33,0.23,0.71,-0.55
-0.68,-0.7,Ben Johnson,West Ham United,ENG,DF,-1.38,-0.77,-1.14,-1.1,-0.36,-0.71,-0.96,-1.2,-0.25,-0.27,-0.53,-0.54,-0.65,-0.33,0.29,-0.77,0.02
-0.68,-0.69,Andriy Yarmolenko,West Ham United,UKR,"FW,MF",1.12,-0.67,-1.5,-1.26,-0.64,-0.26,-1.05,-0.04,-0.25,-0.27,-0.27,1.74,0.21,-0.33,-0.74,1.45,-0.84
-0.67,-0.67,Pierre Højbjerg,Tottenham Hotspur,DEN,MF,-0.38,1.56,1.87,1.95,-0.08,1.08,2.96,1.29,-0.25,-0.27,-0.73,-0.42,2.79,-0.33,-0.44,0.25,2.58
-0.66,-0.66,Son Heung-min,Tottenham Hotspur,KOR,FW,0.62,1.46,1.69,1.63,4.11,3.77,0.6,-0.35,0.81,0.66,1.04,2.1,-1.08,-0.33,2.23,1.92,2.07
-0.65,-0.65,Harry Kane,Tottenham Hotspur,ENG,FW,0.37,1.27,1.6,1.59,5.79,5.57,0.18,-1.23,3.99,3.44,3.0,1.62,-0.65,-0.33,3.32,3.03,1.13
-0.64,-0.65,Eric Dier,Tottenham Hotspur,ENG,DF,0.12,0.59,0.96,1.0,-0.64,-0.71,1.32,0.71,-0.25,-0.27,-0.73,-1.02,0.21,-0.33,-0.74,-0.77,-0.84
-0.64,-0.64,Tanguy Ndombele,Tottenham Hotspur,FRA,MF,-0.63,1.07,0.96,0.55,0.19,0.18,0.55,0.81,-0.25,-0.27,-0.53,0.18,0.21,-0.33,0.05,0.06,1.73
-0.63,-0.63,Sergio Reguilón,Tottenham Hotspur,ESP,DF,-0.63,0.49,0.78,0.71,-0.64,0.63,0.91,-0.28,-0.25,-0.27,-0.53,-0.18,1.07,-0.33,-0.74,0.34,-0.84
-0.62,-0.63,Toby Alderweireld,Tottenham Hotspur,BEL,DF,1.37,0.3,0.69,0.71,-0.36,-0.71,0.86,0.59,-0.25,-0.27,-0.73,-0.9,-0.22,-0.33,-0.5,-0.77,0.87
-0.61,-0.62,Serge Aurier,Tottenham Hotspur,CIV,DF,0.37,-0.28,0.14,0.04,-0.08,0.63,0.21,0.18,-0.25,-0.27,-0.4,0.3,-1.08,-0.33,-0.07,0.8,0.44
-0.6,-0.61,Davinson Sánchez,Tottenham Hotspur,COL,DF,-0.38,-0.38,-0.04,-0.09,-0.64,-0.71,0.25,1.02,-0.25,-0.27,-0.46,-1.02,-0.65,-0.33,-0.74,-0.77,-0.84
-0.59,-0.61,Moussa Sissoko,Tottenham Hotspur,FRA,MF,1.12,0.3,-0.23,0.02,-0.64,-0.71,-0.05,0.64,-0.25,-0.27,-0.79,-0.66,0.21,-0.33,-0.74,-0.77,-0.84
-0.59,-0.6,Lucas Moura,Tottenham Hotspur,BRA,"FW,MF",0.37,0.78,-0.32,-0.17,0.19,1.08,-0.35,-0.61,-0.25,-0.27,-0.01,0.66,-0.65,-0.33,0.41,1.64,0.26
-0.58,-0.59,Ben Davies,Tottenham Hotspur,WAL,DF,0.37,-0.19,-0.32,-0.23,-0.64,-0.26,-0.06,-0.19,-0.25,-0.27,-0.86,-0.54,-0.65,-0.33,-0.74,-0.12,-0.84
-0.57,-0.59,Matt Doherty,Tottenham Hotspur,IRL,DF,0.62,-0.48,-0.41,-0.35,-0.64,0.18,0.01,0.18,-0.25,-0.27,-0.73,-0.3,0.64,2.85,-0.74,0.62,-0.84
-0.56,-0.58,Steven Bergwijn,Tottenham Hotspur,NED,"FW,MF",-0.88,-0.09,-0.41,-0.38,-0.36,0.63,-0.62,0.24,-0.25,-0.27,0.26,0.06,0.21,-0.33,-0.31,1.27,-0.55
-0.55,-0.58,Giovani Lo Celso,Tottenham Hotspur,ARG,MF,-0.38,-0.38,-0.59,-0.66,-0.36,-0.26,-0.37,-0.05,-0.25,-0.27,-0.2,0.42,1.07,-0.33,-0.13,0.16,-0.37
-0.55,-0.57,Gareth Bale,Tottenham Hotspur,WAL,FW,1.37,-0.19,-0.68,-0.68,2.43,0.18,-0.66,-1.3,-0.25,-0.27,2.48,1.26,-0.65,-0.33,5.81,1.08,0.25
-0.54,-0.56,Harry Winks,Tottenham Hotspur,ENG,MF,-0.38,-0.67,-0.77,-0.74,-0.64,-0.71,-0.26,0.66,-0.25,-0.27,-0.86,-0.66,1.07,-0.33,-0.74,-0.77,-0.84
-0.53,-0.55,Dele Alli,Tottenham Hotspur,ENG,MF,-0.38,-0.67,-0.96,-1.0,-0.64,-0.26,-0.77,0.11,-0.25,-0.27,0.39,0.54,-1.08,-0.33,-0.74,0.62,-0.84
-0.52,-0.54,Japhet Tanganga,Tottenham Hotspur,ENG,DF,-1.13,-1.54,-1.05,-1.14,-0.64,-0.71,-0.94,0.67,-0.25,-0.27,-0.66,-1.02,-0.22,-0.33,-0.74,-0.77,-0.84
-0.51,-0.54,Érik Lamela,Tottenham Hotspur,ARG,"FW,MF",0.62,0.1,-1.14,-0.9,-0.36,-0.71,-0.72,-0.11,-0.25,-0.27,0.26,0.42,1.5,2.85,0.05,-0.77,-0.55
-0.51,-0.53,Carlos Vinícius,Tottenham Hotspur,BRA,FW,-0.13,-1.25,-1.32,-1.33,-0.36,-0.71,-1.23,-3.01,-0.25,-0.27,1.7,-0.66,-0.22,-0.33,1.02,-0.77,-0.71
-0.5,-0.51,Bukayo Saka,Arsenal,ENG,"FW,DF",-1.88,0.98,1.14,1.04,0.75,0.63,0.53,-0.59,-0.25,-0.27,0.65,1.02,-0.65,-0.33,0.35,0.25,0.23
-0.49,-0.5,Granit Xhaka,Arsenal,SUI,"MF,DF",0.37,0.88,1.05,1.0,-0.36,0.18,2.13,1.42,-0.25,-0.27,-0.73,-0.3,1.93,2.85,-0.5,-0.12,0.87
-0.48,-0.5,Rob Holding,Arsenal,ENG,DF,-0.38,0.78,0.96,1.04,-0.64,-0.26,1.5,1.34,-0.25,-0.27,-0.66,-0.9,-0.22,-0.33,-0.74,-0.4,-0.84
-0.47,-0.49,Pierre-Emerick Aubameyang,Arsenal,GAB,FW,1.37,0.69,0.78,0.8,2.15,0.63,-0.21,-0.57,1.87,1.58,1.76,0.3,-0.22,-0.33,1.62,0.34,0.41
-0.47,-0.48,Kieran Tierney,Arsenal,SCO,DF,-0.63,0.49,0.78,0.77,-0.36,0.63,1.06,-0.41,-0.25,-0.27,-0.79,0.9,0.64,-0.33,-0.5,0.34,1.73
-0.46,-0.48,Héctor Bellerín,Arsenal,ESP,DF,-0.13,0.3,0.6,0.55,-0.36,0.18,0.76,0.48,-0.25,-0.27,-0.66,0.18,2.36,-0.33,-0.5,0.06,0.44
-0.45,-0.47,Gabriel Dos Santos,Arsenal,BRA,DF,-0.88,0.1,0.41,0.45,-0.08,-0.71,1.06,0.9,-0.25,-0.27,-0.59,-1.02,0.64,2.85,-0.19,-0.77,1.21
-0.44,-0.47,Alexandre Lacazette,Arsenal,FRA,FW,0.87,0.88,0.41,0.37,2.99,0.18,-0.47,-0.15,2.93,2.51,2.09,0.54,0.21,-0.33,2.96,0.06,0.61
-0.43,-0.46,Thomas Partey,Arsenal,GHA,MF,0.37,0.2,0.05,-0.04,-0.64,0.18,0.46,1.02,-0.25,-0.27,-0.4,-0.3,1.07,-0.33,-0.74,0.34,-0.84
-0.42,-0.45,Emile Smith-Rowe,Arsenal,ENG,"MF,FW",-1.38,-0.19,0.05,-0.13,-0.08,1.08,-0.15,1.13,-0.25,-0.27,-0.07,1.14,-1.08,-0.33,-0.01,1.55,-0.05
-0.42,-0.45,Dani Ceballos,Arsenal,ESP,MF,-0.63,0.3,-0.04,0.05,-0.64,0.63,0.74,0.97,-0.25,-0.27,-0.66,0.9,0.64,-0.33,-0.74,0.8,-0.84
-0.41,-0.44,Mohamed Elneny,Arsenal,EGY,MF,0.62,0.1,-0.04,-0.03,-0.36,-0.71,0.29,1.89,-0.25,-0.27,-0.73,-0.9,0.21,-0.33,-0.38,-0.77,0.87
-0.4,-0.43,David Luiz,Arsenal,BRA,DF,1.88,-0.19,-0.04,-0.18,-0.36,-0.71,0.23,0.58,-0.25,-0.27,-0.53,-0.66,-0.65,2.85,-0.38,-0.77,0.02
-0.39,-0.43,Nicolas Pépé,Arsenal,CIV,FW,-0.13,0.69,-0.13,0.05,2.15,-0.26,-0.23,-0.48,0.81,0.66,1.63,-0.42,-0.65,2.85,2.66,-0.22,0.48
-0.38,-0.42,Willian,Arsenal,BRA,"FW,MF",1.37,0.3,-0.13,-0.17,-0.36,1.53,-0.05,0.0,-0.25,-0.27,-0.07,0.9,-1.08,-0.33,-0.38,2.2,-0.44
-0.38,-0.41,Martin Ødegaard,Arsenal,NOR,MF,-1.13,-0.77,-0.77,-0.74,-0.36,0.18,-0.48,0.95,-0.25,-0.27,-0.2,1.62,-1.08,-0.33,-0.13,1.18,-0.37
-0.37,-0.4,Calum Chambers,Arsenal,ENG,DF,-0.13,-1.15,-0.86,-0.86,-0.64,0.18,-0.39,0.14,-0.25,-0.27,-0.46,0.66,-1.08,-0.33,-0.74,1.45,-0.84
-0.36,-0.39,Cédric Soares,Arsenal,POR,DF,0.62,-1.15,-0.86,-0.87,-0.64,-0.26,-0.57,-0.47,-0.25,-0.27,-0.73,0.3,-0.65,-0.33,-0.74,0.34,-0.84
-0.35,-0.39,Martinelli,Arsenal,BRA,FW,-1.63,-0.77,-0.96,-1.03,-0.08,-0.26,-1.05,-0.01,-0.25,-0.27,2.55,2.82,-1.08,-0.33,1.14,0.62,-0.65
-0.34,-0.38,Ainsley Maitland-Niles,Arsenal,ENG,DF,-0.88,-1.06,-1.14,-1.13,-0.64,-0.71,-0.85,-0.11,-0.25,-0.27,-0.79,-0.54,-1.08,-0.33,-0.74,-0.77,-0.84
-0.34,-0.37,Eddie Nketiah,Arsenal,ENG,FW,-1.13,-0.48,-1.23,-1.21,-0.08,-0.26,-1.16,0.36,-0.25,-0.27,2.48,1.14,-1.08,-0.33,1.87,1.18,-0.64
-0.33,-0.36,Joe Willock,Arsenal,ENG,MF,-1.38,-1.45,-1.41,-1.4,-0.64,-0.71,-1.16,-0.47,-0.25,-0.27,0.19,-0.78,-0.65,-0.33,-0.74,-0.77,-0.84
-0.32,-0.35,Reiss Nelson,Arsenal,ENG,FW,-1.38,-1.93,-1.6,-1.58,-0.64,-0.71,-1.26,-3.02,-0.25,-0.27,-0.53,-1.02,-1.08,-0.33,-0.74,-0.77,-0.84
-0.31,-0.33,Stuart Dallas,Leeds United,NIR,"DF,MF",0.87,1.56,1.87,1.94,1.59,0.18,2.21,0.36,-0.25,-0.27,-0.14,-0.42,1.93,-0.33,0.53,-0.31,2.58
-0.3,-0.32,Luke Ayling,Leeds United,ENG,DF,0.62,1.56,1.87,1.93,-0.64,-0.71,2.92,0.0,-0.25,-0.27,-0.66,-0.18,1.93,-0.33,-0.74,-0.77,-0.84
-0.3,-0.32,Patrick Bamford,Leeds United,ENG,FW,0.12,1.56,1.78,1.56,4.11,2.43,-0.5,-0.4,1.87,1.58,2.42,0.42,0.21,-0.33,2.29,1.18,0.87
-0.29,-0.3,Jack Harrison,Leeds United,ENG,MF,-0.63,1.36,1.51,1.35,1.59,2.88,0.54,-1.54,-0.25,-0.27,0.45,1.62,-0.22,-0.33,0.78,1.55,1.11
-0.28,-0.3,Ezgjan Alioski,Leeds United,MKD,DF,0.62,1.36,1.05,0.94,-0.08,0.63,1.28,0.11,-0.25,-0.27,-0.59,0.3,1.93,-0.33,-0.31,0.25,1.21
-0.27,-0.29,Kalvin Phillips,Leeds United,ENG,MF,-0.38,0.69,0.96,0.91,-0.36,0.18,1.02,0.47,-0.25,-0.27,-0.86,0.66,3.22,-0.33,-0.5,-0.12,4.29
-0.26,-0.28,Mateusz Klich,Leeds United,POL,MF,1.12,1.27,0.96,0.87,0.47,1.53,1.07,0.0,1.87,1.58,-0.07,0.78,1.5,-0.33,0.17,0.99,0.74
-0.25,-0.28,Raphael Dias Belloli,Leeds United,BRA,MF,-0.63,0.78,0.78,0.83,1.03,3.32,0.37,-1.69,-0.25,-0.27,0.58,2.7,0.21,-0.33,0.66,2.38,0.5
-0.25,-0.27,Liam Cooper,Leeds United,SCO,DF,0.62,0.3,0.69,0.65,-0.36,-0.71,1.16,1.13,-0.25,-0.27,-0.59,-1.02,0.64,2.85,-0.5,-0.77,0.19
-0.24,-0.26,Pascal Struijk,Leeds United,NED,"DF,MF",-1.38,0.49,0.41,0.53,-0.36,-0.71,0.69,1.05,-0.25,-0.27,-0.27,-0.9,0.21,-0.33,-0.5,-0.77,-0.33
-0.23,-0.26,Tyler Roberts,Leeds United,WAL,"MF,FW",-1.13,0.49,-0.32,-0.24,-0.36,0.18,-0.56,-0.95,-0.25,-0.27,-0.01,0.42,0.21,-0.33,-0.31,0.43,-0.47
-0.22,-0.25,Rodrigo,Leeds United,ESP,"MF,FW",0.87,0.4,-0.32,-0.29,1.31,0.18,-0.39,-0.52,-0.25,-0.27,1.96,1.02,0.21,-0.33,2.23,0.53,-0.02
-0.21,-0.24,Diego Llorente,Leeds United,ESP,DF,0.12,-0.67,-0.32,-0.38,-0.36,-0.71,-0.25,0.82,-0.25,-0.27,-0.53,-0.42,-0.65,-0.33,-0.31,-0.77,0.02
-0.21,-0.24,Hélder Costa,Leeds United,POR,"MF,FW",0.12,0.01,-0.41,-0.43,0.19,0.63,-0.78,-0.73,-0.25,-0.27,0.13,-0.18,-1.08,-0.33,0.66,1.36,0.12
-0.2,-0.23,Robin Koch,Leeds United,GER,"DF,MF",-0.38,-0.48,-0.41,-0.46,-0.64,-0.71,-0.1,0.85,-0.25,-0.27,-0.53,-0.9,-0.65,-0.33,-0.74,-0.77,-0.84
-0.19,-0.22,Pablo Hernández,Leeds United,ESP,MF,2.38,-0.57,-1.32,-1.2,-0.64,0.18,-0.68,-0.68,-0.25,-0.27,0.71,0.66,-0.65,-0.33,-0.74,3.13,-0.84
-0.18,-0.21,Gaetano Berardi,Leeds United,SUI,DF,1.37,-1.93,-1.5,-1.53,-0.64,-0.71,-1.22,0.38,-0.25,-0.27,-0.73,-1.02,-1.08,-0.33,-0.74,-0.77,-0.84
-0.17,-0.2,Ian Carlo Poveda,Leeds United,ENG,"MF,DF",-1.38,-0.77,-1.6,-1.28,-0.64,-0.71,-1.12,-0.77,-0.25,-0.27,-0.33,1.5,-1.08,-0.33,-0.74,-0.77,-0.84
-0.17,-0.18,Michael Keane,Everton,ENG,DF,0.37,1.27,1.42,1.5,0.19,-0.26,1.61,1.29,-0.25,-0.27,-0.66,-0.66,0.64,-0.33,-0.19,-0.49,3.01
-0.16,-0.17,Richarlison,Everton,BRA,FW,-0.63,1.17,1.42,1.36,1.31,0.63,-0.08,-1.35,0.81,0.66,1.43,0.18,0.64,2.85,0.59,0.06,0.16
-0.15,-0.17,Dominic Calvert-Lewin,Everton,ENG,FW,-0.63,1.07,1.33,1.37,3.83,-0.71,-0.24,-1.03,-0.25,-0.27,2.22,-0.3,0.21,-0.33,2.29,-0.77,0.87
-0.14,-0.15,Lucas Digne,Everton,FRA,DF,0.37,0.78,1.14,1.17,-0.64,2.43,1.38,-0.91,-0.25,-0.27,-0.79,1.14,-0.22,2.85,-0.74,1.36,-0.84
-0.13,-0.15,Ben Godfrey,Everton,ENG,DF,-0.88,0.88,1.05,1.18,-0.64,0.18,0.76,0.71,-0.25,-0.27,-0.73,-0.78,0.64,-0.33,-0.74,-0.12,-0.84
-0.13,-0.14,Abdoulaye Doucouré,Everton,FRA,MF,0.37,0.69,1.05,0.92,-0.08,0.63,0.81,0.9,-0.25,-0.27,-0.4,-0.06,1.5,-0.33,-0.31,0.25,0.44
-0.12,-0.13,Mason Holgate,Everton,ENG,DF,-0.63,0.59,0.78,0.76,-0.36,-0.71,0.6,-0.06,-0.25,-0.27,-0.73,-0.66,2.79,-0.33,-0.5,-0.77,0.87
-0.11,-0.13,Gylfi Sigurðsson,Everton,ISL,MF,1.12,1.36,0.6,0.72,1.03,1.53,0.2,-0.02,2.93,3.44,0.85,1.26,-0.22,-0.33,0.72,1.08,0.3
-0.1,-0.12,Allan,Everton,BRA,MF,0.87,0.2,0.5,0.51,-0.64,-0.71,0.36,0.87,-0.25,-0.27,-0.86,-0.54,1.5,-0.33,-0.74,-0.77,-0.84
-0.09,-0.12,Yerry Mina,Everton,COL,DF,-0.13,0.2,0.5,0.39,-0.08,-0.71,0.64,1.56,-0.25,-0.27,-0.53,-1.02,-0.22,-0.33,-0.19,-0.77,0.87
-0.08,-0.11,James Rodríguez,Everton,COL,"FW,MF",0.87,0.1,0.32,0.21,1.03,1.08,0.46,-0.02,-0.25,-0.27,0.19,2.34,0.64,-0.33,1.14,1.08,0.97
-0.08,-0.1,Séamus Coleman,Everton,IRL,"DF,MF",1.37,0.3,0.05,0.05,-0.64,0.63,-0.09,0.3,-0.25,-0.27,-0.53,0.3,-1.08,-0.33,-0.74,0.8,-0.84
-0.07,-0.1,André Gomes,Everton,POR,MF,0.37,0.59,-0.04,0.0,-0.64,-0.26,0.13,0.52,-0.25,-0.27,-0.73,-0.42,0.21,-0.33,-0.74,-0.22,-0.84
-0.06,-0.09,Alex Iwobi,Everton,NGA,"FW,DF",-0.38,0.78,-0.04,-0.03,-0.36,0.18,-0.21,-0.31,-0.25,-0.27,-0.53,0.3,-1.08,-0.33,-0.38,0.34,0.02
-0.05,-0.08,Tom Davies,Everton,ENG,MF,-0.88,0.3,-0.04,-0.15,-0.64,-0.26,-0.22,0.6,-0.25,-0.27,-0.86,-0.3,0.21,-0.33,-0.74,-0.22,-0.84
-0.04,-0.07,Bernard,Everton,BRA,"MF,FW",0.37,-0.96,-1.32,-1.17,-0.36,-0.71,-0.87,0.02,-0.25,-0.27,-0.66,0.54,-0.22,-0.33,0.47,-0.77,0.44
-0.04,-0.06,Fabian Delph,Everton,ENG,"MF,DF",1.12,-1.35,-1.41,-1.37,-0.64,-0.71,-0.93,1.17,-0.25,-0.27,-0.86,-0.66,-0.65,-0.33,-0.74,-0.77,-0.84
-0.03,-0.05,Niels Nkounkou,Everton,FRA,"DF,FW",-1.63,-1.93,-1.5,-1.57,-0.64,-0.71,-1.25,0.02,-0.25,-0.27,-0.79,-1.02,-0.65,-0.33,-0.74,-0.77,-0.84
-0.02,-0.04,Joshua King,Everton,NOR,"MF,FW",0.62,-1.06,-1.6,-1.49,-0.64,-0.71,-1.23,-1.14,-0.25,-0.27,2.22,-1.02,-1.08,-0.33,-0.74,-0.77,-0.84
-0.01,-0.02,Moise Kean,Everton,ITA,FW,-1.38,-1.93,-1.6,-1.63,-0.64,-0.71,-1.29,-0.2,-0.25,-0.27,0.45,-1.02,-1.08,-0.33,-0.74,-0.77,-0.84
-0.0,0.01,Matt Targett,Aston Villa,ENG,DF,-0.38,1.56,1.87,1.93,-0.64,0.18,2.1,-0.31,-0.25,-0.27,-0.86,-0.06,1.93,-0.33,-0.74,-0.31,-0.84
0.0,0.02,John McGinn,Aston Villa,SCO,MF,-0.13,1.46,1.78,1.86,0.19,1.53,0.92,-0.27,-0.25,-0.27,-0.53,-0.06,4.08,-0.33,-0.25,0.53,1.73
0.01,0.03,Ollie Watkins,Aston Villa,ENG,FW,-0.38,1.46,1.78,1.85,3.27,1.53,0.02,-0.87,0.81,1.58,1.89,0.3,0.64,2.85,1.56,0.53,0.83
0.02,0.03,Tyrone Mings,Aston Villa,ENG,DF,0.37,1.36,1.69,1.71,-0.08,0.18,1.21,0.04,-0.25,-0.27,-0.59,-0.78,1.5,2.85,-0.38,-0.22,1.21
0.03,0.04,Ezri Konsa,Aston Villa,ENG,DF,-0.88,1.36,1.6,1.71,-0.08,-0.71,0.67,0.97,-0.25,-0.27,-0.53,-0.9,0.21,-0.33,-0.38,-0.77,0.87
0.04,0.05,Douglas Luiz,Aston Villa,BRA,MF,-0.88,1.07,1.33,1.28,-0.64,0.18,0.97,0.74,-0.25,-0.27,-0.59,-0.42,3.22,2.85,-0.74,-0.22,-0.84
0.04,0.05,Bertrand Traoré,Aston Villa,BFA,FW,-0.38,1.36,1.05,0.79,1.31,1.98,-0.04,-1.08,-0.25,-0.27,0.71,0.54,-0.65,-0.33,0.9,1.36,0.6
0.05,0.06,Matty Cash,Aston Villa,ENG,DF,-0.88,0.59,0.96,0.85,-0.64,0.18,0.76,-0.72,-0.25,-0.27,-0.86,-0.06,2.36,2.85,-0.74,-0.03,-0.84
0.06,0.07,Jack Grealish,Aston Villa,ENG,"FW,MF",-0.38,0.4,0.6,0.65,1.03,3.77,0.44,-0.11,-0.25,-0.27,0.26,3.18,1.5,-0.33,0.78,3.03,0.87
0.07,0.07,Ross Barkley,Aston Villa,ENG,MF,0.12,0.2,0.05,-0.04,0.19,-0.26,-0.09,0.23,-0.25,-0.27,0.32,1.5,-1.08,-0.33,0.35,-0.22,-0.03
0.08,0.08,Anwar El Ghazi,Aston Villa,NED,FW,-0.13,0.59,-0.04,0.05,2.15,-0.71,-0.33,-1.18,3.99,3.44,2.02,0.54,-0.22,-0.33,2.66,-0.77,0.3
0.08,0.09,Trézéguet,Aston Villa,EGY,FW,-0.13,-0.09,-0.5,-0.42,-0.08,-0.26,-0.78,-1.31,-0.25,-0.27,0.98,0.78,-1.08,-0.33,0.17,-0.03,-0.48
0.09,0.1,Ahmed Elmohamady,Aston Villa,EGY,DF,1.63,-0.77,-0.86,-0.77,-0.64,-0.71,-0.36,-0.16,-0.25,-0.27,-0.59,-0.18,-0.22,-0.33,-0.74,-0.77,-0.84
0.1,0.11,Kortney Hause,Aston Villa,ENG,DF,-0.13,-1.45,-0.96,-0.99,-0.36,-0.71,-0.96,-0.15,-0.25,-0.27,0.19,-1.02,-0.22,-0.33,0.11,-0.77,-0.54
0.11,0.11,Jacob Ramsey,Aston Villa,ENG,MF,-1.63,0.01,-1.05,-0.99,-0.64,-0.71,-0.95,0.83,-0.25,-0.27,-0.46,-0.54,-1.08,-0.33,-0.74,-0.77,-0.84
0.12,0.12,Morgan Sanson,Aston Villa,FRA,MF,-0.13,-1.25,-1.32,-1.34,-0.64,-0.71,-1.05,-0.47,-0.25,-0.27,-0.86,-0.54,0.21,-0.33,-0.74,-0.77,-0.84
0.13,0.12,Conor Hourihane,Aston Villa,IRL,MF,0.87,-1.74,-1.32,-1.41,-0.36,-0.26,-1.06,-0.6,-0.25,-0.27,0.39,2.82,-1.08,-0.33,1.69,2.94,-0.58
0.13,0.13,Keinan Davis,Aston Villa,ENG,"FW,MF",-0.88,-0.67,-1.5,-1.36,-0.36,-0.26,-1.18,-0.79,-0.25,-0.27,1.3,0.9,-1.08,-0.33,1.2,2.2,-0.69
0.14,0.14,Carney Chukwuemeka,Aston Villa,ENG,"FW,MF",-2.39,-1.93,-1.6,-1.63,-0.64,-0.71,-1.29,-2.25,-0.25,-0.27,0.98,-1.02,-1.08,-0.33,-0.74,-0.77,-0.84
0.15,0.14,Wesley Moraes,Aston Villa,BRA,"MF,FW",-0.63,-1.83,-1.6,-1.63,-0.64,-0.71,-1.3,2.77,-0.25,-0.27,-0.14,-1.02,-1.08,-0.33,-0.74,-0.77,-0.84
0.16,0.16,Jonjo Shelvey,Newcastle United,ENG,MF,0.62,0.78,1.05,1.1,-0.36,0.63,0.95,-0.73,-0.25,-0.27,-0.4,0.06,1.93,-0.33,-0.56,0.16,-0.2
0.17,0.17,Miguel Almirón,Newcastle United,PAR,"MF,FW",0.12,1.17,0.96,0.91,0.47,-0.26,0.09,0.24,-0.25,-0.27,-0.14,0.18,0.21,-0.33,0.17,-0.4,0.87
0.17,0.18,Federico Fernández,Newcastle United,ARG,DF,1.37,0.2,0.6,0.54,-0.64,-0.71,0.02,0.12,-0.25,-0.27,-0.86,-0.9,0.64,-0.33,-0.74,-0.77,-0.84
0.18,0.19,Callum Wilson,Newcastle United,ENG,FW,0.62,0.4,0.5,0.54,2.71,1.53,-0.72,-1.28,3.99,3.44,2.28,0.18,-0.22,-0.33,2.41,1.27,0.42
0.19,0.2,Joelinton,Newcastle United,BRA,"FW,MF",-0.63,0.88,0.5,0.44,0.47,0.18,-0.37,-0.72,0.81,0.66,0.85,0.18,0.21,-0.33,0.35,0.06,-0.08
0.2,0.2,Isaac Hayden,Newcastle United,ENG,"MF,DF",-0.13,0.2,0.41,0.39,-0.64,-0.71,-0.05,0.04,-0.25,-0.27,-0.79,-0.78,2.36,-0.33,-0.74,-0.77,-0.84
0.21,0.21,Ciaran Clark,Newcastle United,IRL,DF,1.12,0.01,0.32,0.34,-0.36,-0.71,-0.12,0.5,-0.25,-0.27,-0.79,-1.02,0.21,-0.33,-0.44,-0.77,1.73
0.21,0.22,Jamal Lewis,Newcastle United,NIR,DF,-0.88,0.2,0.23,0.28,-0.64,-0.26,0.02,-0.41,-0.25,-0.27,-0.86,-0.06,0.64,-0.33,-0.74,-0.31,-0.84
0.22,0.22,Jamaal Lascelles,Newcastle United,ENG,DF,0.12,-0.28,0.14,0.06,-0.08,-0.71,-0.35,0.27,-0.25,-0.27,-0.59,-1.02,0.64,-0.33,-0.07,-0.77,1.21
0.23,0.23,Allan Saint-Maximin,Newcastle United,FRA,"FW,MF",-0.63,0.3,0.14,-0.01,0.19,1.08,-0.61,0.07,-0.25,-0.27,0.06,1.26,-1.08,-0.33,0.29,1.36,0.19
0.24,0.23,Jacob Murphy,Newcastle United,ENG,"DF,MF",-0.13,0.4,-0.04,0.06,-0.08,0.63,-0.34,-1.46,-0.25,-0.27,-0.46,0.42,0.21,-0.33,-0.07,0.8,0.63
0.25,0.24,Jeff Hendrick,Newcastle United,IRL,MF,0.62,0.01,-0.04,-0.15,-0.08,-0.26,-0.46,0.16,-0.25,-0.27,-0.46,-0.42,0.21,2.85,0.05,-0.22,0.63
0.25,0.25,Sean Longstaff,Newcastle United,ENG,MF,-0.88,0.01,-0.23,-0.16,-0.64,-0.26,-0.4,-0.04,-0.25,-0.27,-0.33,-0.18,-0.22,-0.33,-0.74,-0.22,-0.84
0.26,0.25,Matt Ritchie,Newcastle United,SCO,"DF,MF",1.12,-0.38,-0.23,-0.23,-0.64,0.18,-0.34,-1.55,-0.25,-0.27,-0.73,0.18,-0.22,-0.33,-0.74,0.43,-0.84
0.27,0.26,Emil Krafth,Newcastle United,SWE,DF,-0.13,-0.57,-0.32,-0.29,-0.36,-0.71,-0.42,-0.91,-0.25,-0.27,-0.86,-0.66,0.64,-0.33,-0.31,-0.77,4.29
0.28,0.27,Paul Dummett,Newcastle United,WAL,DF,0.62,-0.67,-0.32,-0.33,-0.36,-0.71,-0.46,-0.33,-0.25,-0.27,-0.79,-0.54,-0.22,-0.33,-0.31,-0.77,1.73
0.29,0.27,Fabian Schär,Newcastle United,SUI,DF,0.62,-0.38,-0.41,-0.34,-0.36,-0.71,-0.38,-0.21,0.81,0.66,-0.4,-1.02,0.64,2.85,-0.31,-0.77,-0.2
0.3,0.29,Joe Willock,Newcastle United,ENG,MF,-1.38,-0.77,-0.59,-0.62,1.59,-0.71,-0.93,-0.31,-0.25,0.66,1.24,-0.18,-1.08,-0.33,3.75,-0.77,0.4
0.3,0.3,Ryan Fraser,Newcastle United,SCO,"FW,MF",0.12,-0.38,-0.77,-0.67,-0.64,0.18,-0.72,-1.79,-0.25,-0.27,-0.33,1.38,-0.22,2.85,-0.74,0.99,-0.84
0.31,0.31,DeAndre Yedlin,Newcastle United,USA,DF,0.37,-1.54,-1.14,-1.19,-0.64,-0.71,-1.03,-1.98,-0.25,-0.27,-0.86,-0.78,-1.08,-0.33,-0.74,-0.77,-0.84
0.32,0.31,Dwight Gayle,Newcastle United,ENG,"FW,MF",0.87,-0.38,-1.23,-1.11,-0.36,-0.26,-1.12,0.07,-0.25,-0.27,1.43,0.06,-1.08,-0.33,0.35,0.9,-0.7
0.33,0.32,Andy Carroll,Newcastle United,ENG,FW,1.37,-0.38,-1.23,-1.24,-0.36,-0.71,-1.08,-2.17,-0.25,-0.27,0.85,-0.78,-0.65,-0.33,0.66,-0.77,-0.65
0.34,0.34,Conor Coady,Wolverhampton Wanderers,ENG,DF,0.37,1.46,1.78,1.83,-0.36,-0.71,1.54,1.18,-0.25,-0.27,-0.73,-1.02,1.07,-0.33,-0.56,-0.77,0.87
0.34,0.35,Nélson Semedo,Wolverhampton Wanderers,POR,DF,0.12,1.17,1.51,1.49,-0.36,-0.26,1.7,0.28,-0.25,-0.27,-0.53,-0.66,1.07,-0.33,-0.56,-0.49,0.02
0.35,0.36,Rúben Neves,Wolverhampton Wanderers,POR,MF,-0.63,1.36,1.23,1.17,0.75,-0.26,1.77,0.67,2.93,2.51,0.19,-0.18,2.36,-0.33,0.29,-0.49,0.67
0.36,0.36,Pedro Neto,Wolverhampton Wanderers,POR,"FW,MF",-1.38,0.88,1.14,1.03,0.75,1.98,0.62,-0.06,-0.25,-0.27,0.19,1.62,0.64,-0.33,0.35,1.18,0.67
0.37,0.37,Adama Traoré,Wolverhampton Wanderers,ESP,FW,-0.38,1.46,0.96,1.14,-0.08,0.18,0.09,-1.79,-0.25,-0.27,-0.4,1.14,0.64,-0.33,-0.31,-0.12,0.44
0.38,0.38,João Moutinho,Wolverhampton Wanderers,POR,MF,1.88,1.07,0.96,1.01,-0.36,-0.26,1.58,0.74,-0.25,-0.27,-0.79,0.06,1.07,2.85,-0.5,-0.4,1.73
0.38,0.38,Leander Dendoncker,Wolverhampton Wanderers,BEL,"MF,DF",-0.13,1.07,0.96,0.98,-0.36,-0.71,0.54,1.15,-0.25,-0.27,-0.14,-0.66,0.64,-0.33,-0.5,-0.77,-0.41
0.39,0.39,Romain Saïss,Wolverhampton Wanderers,MAR,DF,1.12,0.49,0.87,0.88,0.19,-0.71,0.94,0.36,-0.25,-0.27,-0.07,-0.9,-0.22,-0.33,-0.07,-0.77,0.34
0.4,0.4,Daniel Podence,Wolverhampton Wanderers,POR,"MF,FW",-0.38,0.2,0.41,0.1,0.19,0.18,-0.29,-0.55,-0.25,-0.27,0.19,0.18,0.21,-0.33,0.23,0.25,0.07
0.41,0.4,Willy Boly,Wolverhampton Wanderers,CIV,DF,0.87,-0.09,0.32,0.33,-0.36,-0.26,0.29,0.47,-0.25,-0.27,-0.59,-0.78,-0.22,-0.33,-0.44,-0.31,0.19
0.42,0.41,Rayan Aït Nouri,Wolverhampton Wanderers,FRA,DF,-1.63,-0.09,-0.13,-0.17,-0.36,-0.26,-0.06,0.59,-0.25,-0.27,-0.66,-0.3,-0.65,-0.33,-0.38,-0.22,0.44
0.42,0.42,Max Kilman,Wolverhampton Wanderers,ENG,DF,-0.63,-0.38,-0.32,-0.27,-0.64,-0.26,-0.14,1.25,-0.25,-0.27,-0.73,-0.54,0.64,-0.33,-0.74,-0.12,-0.84
0.43,0.42,Willian José,Wolverhampton Wanderers,BRA,FW,0.62,-0.48,-0.5,-0.48,-0.36,-0.71,-0.82,0.28,-0.25,-0.27,0.06,-0.42,-1.08,-0.33,-0.25,-0.77,-0.5
0.44,0.43,Fábio Silva,Wolverhampton Wanderers,POR,FW,-1.88,0.98,-0.59,-0.21,0.47,0.63,-0.82,-0.65,0.81,0.66,1.7,-0.54,-0.22,-0.33,0.84,1.08,-0.33
0.45,0.44,Raúl Jiménez,Wolverhampton Wanderers,MEX,FW,0.87,-1.15,-0.68,-0.78,0.47,-0.71,-0.89,-0.08,-0.25,-0.27,0.78,-0.06,-1.08,-0.33,1.93,-0.77,-0.05
0.46,0.44,Fernando Marçal,Wolverhampton Wanderers,BRA,DF,1.37,-0.86,-0.96,-0.99,-0.64,-0.71,-0.72,0.46,-0.25,-0.27,-0.86,-0.78,-0.22,-0.33,-0.74,-0.77,-0.84
0.47,0.45,Jonny Castro,Wolverhampton Wanderers,ESP,DF,0.12,-1.45,-0.96,-1.13,-0.64,-0.71,-0.92,-0.08,-0.25,-0.27,-0.86,-0.66,-1.08,-0.33,-0.74,-0.77,-0.84
0.47,0.45,Ki-Jana Hoever,Wolverhampton Wanderers,NED,DF,-1.88,-0.96,-1.14,-1.04,-0.64,-0.71,-0.75,-0.67,-0.25,-0.27,-0.86,-0.66,-0.65,-0.33,-0.74,-0.77,-0.84
0.48,0.46,Vitinha,Wolverhampton Wanderers,POR,MF,-1.38,-0.28,-1.14,-1.1,-0.64,-0.26,-0.78,1.14,-0.25,-0.27,-0.27,0.42,-1.08,-0.33,-0.74,0.8,-0.84
0.49,0.47,Morgan Gibbs-White,Wolverhampton Wanderers,ENG,"FW,MF",-1.38,-1.06,-1.23,-1.21,-0.36,-0.71,-0.93,0.22,-0.25,-0.27,0.45,0.54,-0.65,-0.33,0.59,-0.77,-0.59
0.5,0.47,Owen Otasowie,Wolverhampton Wanderers,USA,"MF,FW",-1.63,-1.54,-1.41,-1.45,-0.64,-0.26,-1.2,-1.2,-0.25,-0.27,0.85,-0.18,-0.65,-0.33,-0.74,3.68,-0.84
0.51,0.49,Patrick Cutrone,Wolverhampton Wanderers,ITA,"FW,MF",-0.88,-1.93,-1.6,-1.62,-0.64,-0.71,-1.3,0.1,-0.25,-0.27,3.07,-1.02,-1.08,-0.33,-0.74,-0.77,-0.84
0.51,0.52,Cheikhou Kouyaté,Crystal Palace,SEN,DF,1.12,1.36,1.6,1.64,-0.36,-0.71,0.63,-0.06,-0.25,-0.27,-0.79,-0.9,0.64,-0.33,-0.56,-0.77,1.73
0.52,0.53,Wilfried Zaha,Crystal Palace,CIV,FW,0.37,0.78,1.05,1.1,2.43,0.18,-0.07,-0.45,1.87,1.58,0.78,0.3,1.5,-0.33,1.56,-0.12,1.33
0.53,0.53,Eberechi Eze,Crystal Palace,ENG,MF,-0.88,1.17,1.05,1.04,0.47,1.98,0.53,0.0,-0.25,-0.27,-0.4,0.18,0.21,-0.33,0.11,1.18,1.73
0.54,0.54,Luka Milivojević,Crystal Palace,SRB,MF,0.87,0.88,0.87,0.83,-0.36,-0.26,0.71,0.24,0.81,1.58,-0.33,-0.42,2.36,2.85,-0.5,-0.4,-0.27
0.55,0.55,Andros Townsend,Crystal Palace,ENG,"MF,FW",0.87,1.17,0.69,0.73,-0.36,1.53,0.07,-1.52,-0.25,-0.27,-0.33,0.78,-1.08,-0.33,-0.5,1.08,-0.27
0.55,0.56,Jordan Ayew,Crystal Palace,GHA,"FW,MF",0.62,1.07,0.5,0.56,-0.36,0.63,-0.27,-0.09,-0.25,-0.27,-0.27,-0.66,0.64,-0.33,-0.5,0.43,-0.33
0.56,0.57,Christian Benteke,Crystal Palace,BEL,FW,0.87,0.78,0.32,0.26,2.15,-0.26,-0.39,-2.07,-0.25,-0.27,1.7,-0.42,0.21,2.85,2.29,-0.31,0.44
0.57,0.57,Gary Cahill,Crystal Palace,ENG,DF,2.13,-0.19,0.23,0.24,-0.36,-0.26,-0.2,0.71,-0.25,-0.27,-0.66,-0.54,0.21,-0.33,-0.44,-0.31,0.44
0.58,0.58,Patrick van Aanholt,Crystal Palace,NED,DF,0.87,0.01,0.23,0.22,-0.64,-0.26,0.49,-0.05,-0.25,-0.27,-0.53,-0.54,-0.22,-0.33,-0.74,-0.31,-0.84
0.59,0.58,Jaïro Riedewald,Crystal Palace,NED,MF,-0.63,1.07,0.14,0.27,-0.08,-0.71,-0.31,0.75,-0.25,-0.27,-0.73,-0.42,0.64,-0.33,-0.13,-0.77,2.58
0.59,0.59,Tyrick Mitchell,Crystal Palace,ENG,DF,-1.38,-0.28,0.14,0.15,-0.36,-0.26,-0.07,-1.22,-0.25,-0.27,-0.79,-0.78,-0.65,-0.33,-0.44,-0.31,1.73
0.6,0.6,James McArthur,Crystal Palace,SCO,MF,1.63,-0.38,-0.04,-0.11,-0.64,0.18,-0.08,0.3,-0.25,-0.27,-0.86,-0.42,0.21,-0.33,-0.74,0.34,-0.84
0.61,0.6,Jeffrey Schlupp,Crystal Palace,GHA,MF,0.37,0.49,-0.23,-0.15,-0.08,0.63,-0.62,-1.12,-0.25,-0.27,-0.27,0.3,0.21,-0.33,0.05,0.99,0.19
0.62,0.61,Scott Dann,Crystal Palace,ENG,DF,1.88,-0.67,-0.23,-0.23,-0.36,-0.71,-0.35,0.64,-0.25,-0.27,-0.79,-1.02,-0.65,-0.33,-0.31,-0.77,1.73
0.63,0.62,Nathaniel Clyne,Crystal Palace,ENG,DF,0.87,-0.86,-0.41,-0.45,-0.64,-0.26,-0.4,-0.33,-0.25,-0.27,-0.86,-0.66,-0.22,-0.33,-0.74,-0.03,-0.84
0.64,0.63,Michy Batshuayi,Crystal Palace,BEL,FW,0.12,-0.38,-0.96,-0.88,-0.08,-0.26,-1.04,-1.22,-0.25,-0.27,0.19,1.14,-1.08,-0.33,0.78,0.34,-0.24
0.64,0.64,James Tomkins,Crystal Palace,ENG,DF,1.37,-1.35,-1.05,-1.07,-0.64,-0.71,-1.04,-0.08,-0.25,-0.27,-0.73,-0.9,-0.65,-0.33,-0.74,-0.77,-0.84
0.65,0.64,Mamadou Sakho,Crystal Palace,FRA,DF,1.12,-1.74,-1.32,-1.36,-0.64,-0.71,-1.17,1.14,-0.25,-0.27,-0.86,-1.02,-1.08,-0.33,-0.74,-0.77,-0.84
0.66,0.65,Jean-Philippe Mateta,Crystal Palace,FRA,FW,-0.63,-1.45,-1.41,-1.42,-0.36,-0.71,-1.22,-2.48,-0.25,-0.27,-0.4,-0.9,-1.08,-0.33,1.75,-0.77,-0.2
0.67,0.67,James Ward-Prowse,Southampton,ENG,MF,-0.13,1.56,1.87,1.95,1.59,2.43,2.85,0.2,2.93,3.44,-0.01,0.3,1.07,-0.33,0.53,0.9,2.09
0.68,0.68,Jan Bednarek,Southampton,POL,DF,-0.38,1.36,1.69,1.61,-0.36,-0.26,1.88,0.71,-0.25,-0.27,-0.73,-0.9,1.07,2.85,-0.56,-0.49,0.87
0.68,0.68,Stuart Armstrong,Southampton,SCO,MF,0.62,1.07,1.33,1.26,0.47,1.53,0.69,0.06,-0.25,-0.27,-0.27,0.06,0.21,-0.33,0.05,0.71,1.21
0.69,0.69,Che Adams,Southampton,SCO,FW,-0.38,1.36,1.14,1.16,1.87,1.53,-0.3,-1.24,-0.25,-0.27,1.04,1.26,-0.65,-0.33,1.08,0.8,0.7
0.7,0.7,Kyle Walker-Peters,Southampton,ENG,DF,-0.63,0.78,1.14,1.13,-0.64,0.18,1.26,0.14,-0.25,-0.27,-0.73,-0.42,0.64,-0.33,-0.74,-0.12,-0.84
0.71,0.71,Ryan Bertrand,Southampton,ENG,DF,1.12,0.69,1.05,1.08,-0.64,-0.26,1.14,-0.33,-0.25,-0.27,-0.79,-0.54,1.07,-0.33,-0.74,-0.49,-0.84
0.72,0.71,Jannik Vestergaard,Southampton,DEN,DF,0.37,0.78,1.05,1.06,0.19,-0.71,1.41,0.67,-0.25,-0.27,-0.46,-0.78,0.21,2.85,-0.13,-0.77,1.36
0.72,0.72,Danny Ings,Southampton,ENG,FW,0.62,0.69,0.78,0.64,2.71,1.08,-0.48,-1.74,1.87,1.58,1.3,0.3,-0.65,-0.33,2.29,0.8,0.97
0.73,0.73,Oriol Romeu,Southampton,ESP,MF,0.62,-0.09,0.23,0.21,-0.36,-0.26,0.69,0.47,-0.25,-0.27,-0.79,-0.42,1.5,-0.33,-0.44,-0.31,1.73
0.74,0.73,Theo Walcott,Southampton,ENG,"MF,FW",1.37,-0.09,0.23,0.05,0.19,0.63,-0.63,-0.92,-0.25,-0.27,0.19,-0.18,-1.08,-0.33,0.29,0.8,0.07
0.75,0.74,Nathan Redmond,Southampton,ENG,"MF,FW",0.12,0.69,-0.04,0.18,-0.08,0.63,-0.12,-0.45,-0.25,-0.27,0.19,1.02,-0.65,-0.33,-0.13,0.71,-0.24
0.76,0.75,Jack Stephens,Southampton,ENG,DF,0.12,-0.38,-0.04,-0.03,-0.64,-0.71,0.31,0.52,-0.25,-0.27,-0.66,-0.66,-0.22,-0.33,-0.74,-0.77,-0.84
0.76,0.75,Moussa Djenepo,Southampton,MLI,MF,-0.88,0.49,-0.23,-0.35,-0.36,-0.71,-0.67,-0.73,-0.25,-0.27,-0.46,-0.54,1.07,-0.33,-0.31,-0.77,-0.11
0.77,0.76,Ibrahima Diallo,Southampton,FRA,MF,-1.13,0.01,-0.68,-0.58,-0.64,-0.71,-0.37,0.79,-0.25,-0.27,-0.59,-0.42,0.21,-0.33,-0.74,-0.77,-0.84
0.78,0.77,Takumi Minamino,Southampton,JPN,"MF,FW",-0.13,-1.15,-0.77,-0.9,-0.08,-0.71,-0.9,-0.92,-0.25,-0.27,0.06,-0.18,-0.65,-0.33,0.78,-0.77,-0.15
0.79,0.77,Mohammed Salisu,Southampton,GHA,DF,-1.13,-0.96,-0.86,-0.76,-0.64,-0.71,-0.71,0.42,-0.25,-0.27,-0.66,-1.02,-0.65,-0.33,-0.74,-0.77,-0.84
0.8,0.79,Nathan Tella,Southampton,ENG,"FW,MF",-1.13,-0.38,-0.96,-0.87,-0.36,-0.26,-1.07,-0.8,-0.25,-0.27,0.52,0.06,-0.22,-0.33,-0.01,0.34,-0.61
0.81,0.79,William Smallbone,Southampton,IRL,MF,-1.38,-1.83,-1.41,-1.47,-0.64,-0.71,-1.18,0.38,-0.25,-0.27,-0.66,-1.02,-1.08,-0.33,-0.74,-0.77,-0.84
0.81,0.8,Shane Long,Southampton,IRL,"FW,MF",1.88,-1.06,-1.5,-1.43,-0.64,-0.71,-1.21,-1.99,-0.25,-0.27,-0.79,-1.02,-1.08,-0.33,-0.74,-0.77,-0.84
0.82,0.8,Yan Valery,Southampton,FRA,"DF,MF",-1.13,-1.83,-1.5,-1.54,-0.64,-0.71,-1.2,0.47,-0.25,-0.27,0.85,-1.02,-1.08,-0.33,-0.74,-0.77,-0.84
0.83,0.83,Dan Nlundulu,Southampton,ENG,FW,-1.13,-0.86,-1.6,-1.53,-0.64,-0.71,-1.25,-1.69,-0.25,-0.27,-0.4,-0.78,-1.08,-0.33,-0.74,-0.77,-0.84
0.84,0.86,Ben White,Brighton,ENG,"DF,MF",-0.88,1.36,1.69,1.71,-0.64,-0.71,1.5,0.52,-0.25,-0.27,-0.79,-0.78,1.07,2.85,-0.74,-0.77,-0.84
0.85,0.86,Yves Bissouma,Brighton,MLI,MF,-0.63,1.36,1.6,1.62,-0.36,-0.71,1.36,1.06,-0.25,-0.27,-0.66,-0.66,2.36,2.85,-0.56,-0.77,0.44
0.85,0.87,Lewis Dunk,Brighton,ENG,DF,0.62,1.07,1.42,1.44,0.75,-0.71,2.11,1.44,-0.25,-0.27,-0.4,-0.66,1.07,6.03,0.17,-0.77,2.37
0.86,0.88,Leandro Trossard,Brighton,BEL,"FW,MF",-0.13,1.27,1.14,1.09,0.75,1.53,0.42,-0.59,-0.25,-0.27,0.26,0.78,-0.22,-0.33,0.29,0.8,0.59
0.87,0.88,Adam Webster,Brighton,ENG,DF,-0.13,0.69,1.05,1.08,-0.36,-0.71,1.54,0.46,-0.25,-0.27,-0.66,-0.9,0.64,-0.33,-0.56,-0.77,0.44
0.88,0.89,Neal Maupay,Brighton,FRA,"FW,MF",-0.63,1.07,1.05,0.99,1.59,0.18,-0.26,-0.25,2.93,3.44,2.09,0.54,-0.65,2.85,1.02,-0.12,0.05
0.89,0.9,Pascal Groß,Brighton,GER,"MF,DF",0.87,1.17,0.87,0.96,0.19,2.88,1.35,-0.51,2.93,3.44,0.39,1.38,0.21,-0.33,-0.07,1.92,-0.07
0.89,0.91,Joël Veltman,Brighton,NED,DF,0.62,0.59,0.69,0.75,-0.36,-0.26,1.06,-0.27,-0.25,-0.27,-0.59,-0.54,0.21,-0.33,-0.5,-0.4,0.19
0.9,0.92,Dan Burn,Brighton,ENG,DF,0.62,0.49,0.5,0.52,-0.36,-0.71,0.67,-0.35,-0.25,-0.27,-0.53,-0.54,1.07,-0.33,-0.5,-0.77,0.02
0.91,0.92,Solly March,Brighton,ENG,DF,0.12,-0.09,0.14,0.11,-0.08,-0.26,0.24,-1.27,-0.25,-0.27,-0.33,0.06,-1.08,-0.33,-0.07,-0.31,0.3
0.92,0.93,Danny Welbeck,Brighton,ENG,FW,0.87,0.2,-0.04,-0.02,1.03,-0.26,-0.88,0.32,-0.25,0.66,1.63,0.54,-1.08,-0.33,1.38,-0.22,-0.05
0.93,0.93,Adam Lallana,Brighton,ENG,"MF,FW",1.63,0.78,-0.13,0.03,-0.36,-0.26,0.18,0.73,-0.25,-0.27,-0.01,0.9,-1.08,-0.33,-0.38,-0.22,-0.47
0.93,0.94,Alexis Mac Allister,Brighton,ARG,"MF,FW",-1.13,-0.09,-0.41,-0.48,-0.36,-0.26,-0.66,0.02,-0.25,-0.27,-0.33,1.26,-0.65,-0.33,-0.25,-0.03,-0.27
0.94,0.95,Tariq Lamptey,Brighton,ENG,DF,-1.63,-1.06,-0.59,-0.72,-0.36,-0.26,-0.51,-0.17,-0.25,-0.27,-0.53,0.3,0.64,2.85,-0.13,0.16,0.02
0.95,0.96,Steven Alzate,Brighton,COL,"MF,DF",-1.13,-0.67,-0.68,-0.71,-0.36,-0.71,-0.6,1.37,-0.25,-0.27,-0.46,-0.42,-0.22,-0.33,-0.13,-0.77,-0.11
0.96,0.97,Aaron Connolly,Brighton,IRL,FW,-1.38,-0.48,-0.77,-0.82,-0.08,-0.26,-1.14,-0.15,-0.25,-0.27,1.7,-0.78,-1.08,-0.33,0.66,0.25,-0.58
0.97,0.97,Jakub Moder,Brighton,POL,"DF,MF",-1.13,-0.96,-0.96,-0.97,-0.64,-0.71,-0.88,-0.63,-0.25,-0.27,-0.14,-0.78,-1.08,-0.33,-0.74,-0.77,-0.84
0.98,0.98,Alireza Jahanbakhsh,Brighton,IRN,"FW,MF",0.12,-0.09,-1.05,-1.09,-0.64,-0.26,-0.88,-0.71,-0.25,-0.27,0.91,5.45,0.21,-0.33,-0.74,0.8,-0.84
0.98,0.99,Davy Pröpper,Brighton,NED,MF,0.62,-1.45,-1.41,-1.43,-0.64,-0.71,-1.15,-0.44,-0.25,-0.27,-0.66,-1.02,-1.08,-0.33,-0.74,-0.77,-0.84
0.99,0.99,Bernardo,Brighton,BRA,"DF,MF",-0.13,-1.83,-1.41,-1.43,-0.64,-0.71,-1.17,-1.07,-0.25,-0.27,-0.07,0.06,-1.08,-0.33,-0.74,-0.77,-0.84
1.0,1.01,Andi Zeqiri,Brighton,SUI,"FW,DF",-1.13,-1.25,-1.6,-1.47,-0.64,-0.71,-1.24,-4.39,-0.25,-0.27,1.24,-0.54,-1.08,-0.33,-0.74,-0.77,-0.84
1.01,1.01,José Izquierdo,Brighton,COL,"DF,MF",0.62,-2.03,-1.6,-1.64,-0.64,-0.71,-1.29,1.29,-0.25,-0.27,-0.14,-1.02,-1.08,-0.33,-0.74,-0.77,-0.84
1.02,1.03,Ashley Westwood,Burnley,ENG,MF,1.12,1.56,1.87,1.94,0.19,0.63,2.07,-0.75,-0.25,-0.27,-0.73,0.54,1.93,-0.33,-0.25,-0.03,4.29
1.02,1.04,James Tarkowski,Burnley,ENG,DF,0.37,1.36,1.69,1.76,-0.36,-0.71,0.55,-0.98,-0.25,-0.27,-0.46,-0.78,1.5,-0.33,-0.56,-0.77,-0.11
1.03,1.04,Dwight McNeil,Burnley,ENG,MF,-1.38,1.36,1.51,1.58,-0.08,1.53,0.82,-1.39,-0.25,-0.27,-0.73,1.26,-0.65,-0.33,-0.38,0.62,2.58
1.04,1.05,Matthew Lowton,Burnley,ENG,DF,1.37,1.17,1.51,1.57,-0.36,-0.26,1.07,-1.4,-0.25,-0.27,-0.79,-0.18,1.07,-0.33,-0.56,-0.49,1.73
1.05,1.06,Josh Brownhill,Burnley,ENG,MF,-0.38,1.07,1.33,1.31,-0.64,-0.26,0.58,-0.04,-0.25,-0.27,-0.53,-0.54,-0.22,-0.33,-0.74,-0.49,-0.84
1.06,1.07,Chris Wood,Burnley,NZL,FW,0.62,1.07,1.33,1.24,2.71,0.63,-0.26,-1.66,1.87,1.58,1.96,-0.18,-1.08,-0.33,1.62,0.16,0.56
1.06,1.08,Ben Mee,Burnley,ENG,DF,1.12,0.78,1.14,1.18,-0.08,-0.71,0.35,-0.56,-0.25,-0.27,-0.53,-0.9,0.21,-0.33,-0.31,-0.77,0.87
1.07,1.09,Jóhann Berg Guðmundsson,Burnley,ISL,MF,0.87,0.01,-0.13,-0.22,-0.08,-0.71,-0.55,-0.52,-0.25,-0.27,-0.2,-0.66,-0.22,-0.33,0.05,-0.77,0.09
1.08,1.1,Matěj Vydra,Burnley,CZE,FW,0.62,0.59,-0.23,-0.21,0.19,0.18,-0.88,-0.9,-0.25,-0.27,1.7,0.42,-1.08,-0.33,0.47,0.43,-0.45
1.09,1.1,Jack Cork,Burnley,ENG,MF,1.37,-0.57,-0.23,-0.23,-0.64,-0.71,-0.51,0.44,-0.25,-0.27,-0.79,-0.78,-0.22,-0.33,-0.74,-0.77,-0.84
1.1,1.11,Ashley Barnes,Burnley,ENG,FW,1.12,0.01,-0.23,-0.25,0.19,-0.71,-0.82,-2.11,0.81,0.66,1.37,-0.54,0.64,-0.33,0.47,-0.77,-0.4
1.1,1.12,Erik Pieters,Burnley,NED,"DF,MF",1.37,-0.19,-0.41,-0.32,-0.64,-0.26,-0.38,-0.6,-0.25,-0.27,-0.86,-0.66,-0.65,-0.33,-0.74,-0.12,-0.84
1.11,1.12,Jay Rodriguez,Burnley,ENG,"FW,MF",1.37,0.88,-0.5,-0.32,-0.36,0.18,-0.85,-0.77,-0.25,-0.27,0.13,0.42,0.21,-0.33,-0.31,0.53,-0.52
1.12,1.13,Robbie Brady,Burnley,IRL,MF,0.62,-0.28,-0.5,-0.54,-0.36,-0.26,-0.68,-1.55,-0.25,-0.27,-0.46,-0.06,0.21,-0.33,-0.19,0.06,-0.11
1.13,1.14,Kevin Long,Burnley,IRL,DF,0.87,-1.35,-0.96,-0.98,-0.64,-0.71,-0.9,-1.11,-0.25,-0.27,-0.66,-1.02,-0.22,-0.33,-0.74,-0.77,-0.84
1.14,1.15,Phil Bardsley,Burnley,SCO,DF,2.38,-1.74,-1.32,-1.36,-0.64,-0.71,-1.04,-1.2,-0.25,-0.27,-0.66,-1.02,-0.22,-0.33,-0.74,-0.77,-0.84
1.15,1.15,Jimmy Dunne,Burnley,IRL,DF,-0.88,-1.83,-1.32,-1.37,-0.36,-0.71,-1.07,-1.08,-0.25,-0.27,-0.01,-0.54,-0.65,-0.33,1.26,-0.77,-0.47
1.15,1.16,Dale Stephens,Burnley,ENG,MF,1.37,-1.45,-1.32,-1.38,-0.64,-0.71,-1.11,0.51,-0.25,-0.27,-0.53,-1.02,-0.65,-0.33,-0.74,-0.77,-0.84
1.16,1.17,Josh Benson,Burnley,ENG,MF,-1.38,-1.54,-1.41,-1.37,-0.64,-0.71,-1.17,-0.86,-0.25,-0.27,-0.53,-1.02,-1.08,-0.33,-0.74,-0.77,-0.84
1.17,1.2,Tosin Adarabioyo,Fulham,ENG,DF,-0.88,1.07,1.42,1.46,-0.64,-0.71,1.59,1.09,-0.25,-0.27,-0.73,-0.9,-0.65,-0.33,-0.74,-0.77,-0.84
1.18,1.21,Ademola Lookman,Fulham,ENG,"FW,MF",-0.88,1.17,1.23,1.24,0.47,1.08,0.55,-0.53,-0.25,0.66,0.26,1.02,1.07,-0.33,0.05,0.43,0.3
1.19,1.21,Ola Aina,Fulham,NGA,DF,-0.63,0.88,1.23,1.15,-0.08,-0.26,1.41,-0.21,-0.25,-0.27,-0.73,-0.42,0.21,-0.33,-0.31,-0.49,2.58
1.19,1.22,Joachim Andersen,Fulham,DEN,DF,-0.38,0.88,1.14,1.22,-0.36,-0.26,1.61,0.55,-0.25,-0.27,-0.66,-0.78,1.93,2.85,-0.56,-0.49,0.44
1.2,1.23,Andre-Frank Zambo Anguissa,Fulham,CMR,MF,-0.38,1.36,1.05,1.07,-0.64,0.63,0.93,0.75,-0.25,-0.27,-0.53,-0.06,1.5,-0.33,-0.74,0.16,-0.84
1.21,1.23,Bobby Reid,Fulham,JAM,"MF,DF",0.37,1.07,0.96,0.85,0.75,0.18,0.01,-0.69,-0.25,-0.27,0.26,-0.42,1.93,-0.33,0.41,-0.03,0.59
1.22,1.24,Ivan Cavaleiro,Fulham,POR,"FW,MF",0.12,1.36,0.87,0.95,0.19,-0.71,0.02,-0.99,0.81,1.58,0.39,0.42,-0.22,-0.33,-0.07,-0.77,-0.07
1.23,1.25,Harrison Reed,Fulham,ENG,MF,-0.13,0.88,0.78,0.72,-0.64,0.18,1.01,0.95,-0.25,-0.27,-0.86,-0.3,1.07,-0.33,-0.74,-0.03,-0.84
1.23,1.25,Antonee Robinson,Fulham,USA,DF,-0.88,0.59,0.6,0.63,-0.64,-0.71,0.84,-0.9,-0.25,-0.27,-0.79,-0.18,0.64,2.85,-0.74,-0.77,-0.84
1.24,1.26,Ruben Loftus-Cheek,Fulham,ENG,"MF,FW",-0.38,0.78,0.32,0.36,-0.36,-0.71,-0.17,0.51,-0.25,-0.27,0.06,-0.18,0.21,-0.33,-0.44,-0.77,-0.5
1.25,1.26,Mario Lemina,Fulham,GAB,MF,0.12,0.59,0.14,0.14,-0.36,-0.71,0.06,0.81,-0.25,-0.27,-0.59,-0.54,1.07,-0.33,-0.44,-0.77,0.19
1.26,1.27,Kenny Tete,Fulham,NED,DF,-0.38,0.01,0.05,-0.09,-0.64,-0.26,0.07,-0.65,-0.25,-0.27,-0.86,0.18,0.21,-0.33,-0.74,-0.22,-0.84
1.27,1.28,Aleksandar Mitrović,Fulham,SRB,FW,-0.13,0.49,-0.41,-0.17,0.19,0.63,-0.69,-0.44,0.81,1.58,1.83,1.02,0.21,-0.33,0.41,0.99,-0.47
1.27,1.28,Josh Maja,Fulham,NGA,"FW,MF",-1.13,-0.67,-0.77,-0.8,0.19,-0.71,-1.02,1.13,0.81,0.66,2.55,0.42,-1.08,-0.33,1.26,-0.77,-0.55
1.28,1.29,Tom Cairney,Fulham,SCO,MF,0.87,-1.15,-0.77,-0.85,-0.36,-0.26,-0.32,1.26,-0.25,-0.27,-0.4,1.02,-0.22,-0.33,-0.01,0.34,-0.2
1.29,1.3,Joe Bryan,Fulham,ENG,"DF,FW",0.12,-0.57,-0.96,-0.95,-0.36,-0.71,-0.64,-1.22,-0.25,-0.27,-0.59,-0.3,-0.22,-0.33,0.05,-0.77,0.19
1.3,1.31,Josh Onomah,Fulham,ENG,MF,-0.63,-1.06,-1.23,-1.26,-0.64,-0.71,-1.04,1.41,-0.25,-0.27,0.06,-0.9,-0.65,-0.33,-0.74,-0.77,-0.84
1.31,1.32,Denis Odoi,Fulham,BEL,DF,1.63,-1.83,-1.32,-1.37,-0.64,-0.71,-1.01,0.46,-0.25,-0.27,-0.73,-0.78,-0.65,-0.33,-0.74,-0.77,-0.84
1.32,1.32,Michael Hector,Fulham,JAM,DF,0.62,-1.74,-1.32,-1.37,-0.64,-0.71,-1.03,0.02,-0.25,-0.27,-0.73,-0.9,-0.22,-0.33,-0.74,-0.77,-0.84
1.32,1.33,Fabio Carvalho,Fulham,ENG,"MF,FW",-2.13,-1.74,-1.32,-1.38,-0.36,-0.71,-1.17,-0.19,-0.25,-0.27,1.7,0.54,-1.08,-0.33,1.38,-0.77,-0.71
1.33,1.34,Aboubakar Kamara,Fulham,MTN,"FW,DF",-0.13,-1.06,-1.41,-1.32,-0.64,-0.71,-1.1,-0.99,-0.25,-0.27,-0.2,0.3,-0.65,2.85,-0.74,-0.77,-0.84
1.34,1.35,Maxime Le Marchand,Fulham,FRA,DF,1.12,-1.93,-1.5,-1.52,-0.64,-0.71,-1.17,2.12,-0.25,-0.27,-0.86,-1.02,-0.22,-0.33,-0.74,-0.77,-0.84
1.35,1.36,Neeskens Kebano,Fulham,COD,"FW,MF",0.62,-1.64,-1.5,-1.53,-0.64,-0.71,-1.24,-0.09,-0.25,-0.27,0.52,-1.02,-1.08,-0.33,-0.74,-0.77,-0.84
1.36,1.38,Darnell Furlong,West Bromwich Albion,ENG,DF,-0.38,1.27,1.33,1.44,-0.36,0.63,0.56,-2.65,-0.25,-0.27,-0.53,-0.3,1.07,-0.33,-0.56,0.06,0.02
1.36,1.39,Semi Ajayi,West Bromwich Albion,NGA,DF,0.12,1.07,1.23,1.28,-0.08,-0.71,0.2,-0.65,-0.25,-0.27,-0.66,-0.9,0.21,2.85,-0.38,-0.77,1.73
1.37,1.39,Matheus Pereira,West Bromwich Albion,BRA,"MF,FW",-0.38,1.07,1.14,1.06,2.43,1.98,0.39,-1.0,3.99,3.44,0.71,1.26,-0.22,2.85,1.56,1.18,1.42
1.38,1.4,Kyle Bartley,West Bromwich Albion,ENG,DF,0.87,0.78,0.96,1.07,0.19,-0.26,-0.02,-0.19,-0.25,-0.27,-0.46,-0.9,0.64,-0.33,-0.13,-0.49,1.36
1.39,1.41,Conor Gallagher,West Bromwich Albion,ENG,MF,-1.38,0.78,0.96,1.01,-0.08,0.18,0.21,-0.2,-0.25,-0.27,-0.53,-0.3,3.65,-0.33,-0.31,-0.12,0.87
1.4,1.41,Conor Townsend,West Bromwich Albion,ENG,DF,0.37,0.3,0.69,0.7,-0.64,0.18,0.56,-0.59,-0.25,-0.27,-0.66,0.06,-1.08,-0.33,-0.74,-0.03,-0.84
1.4,1.42,Dara O'Shea,West Bromwich Albion,IRL,DF,-1.13,0.59,0.69,0.56,-0.64,-0.71,0.06,-1.78,-0.25,-0.27,-0.86,-0.9,0.21,-0.33,-0.74,-0.77,-0.84
1.41,1.43,Matt Phillips,West Bromwich Albion,SCO,MF,0.87,1.07,0.23,0.27,-0.08,-0.26,-0.4,-1.34,-0.25,-0.27,-0.14,0.78,-0.65,-0.33,-0.13,-0.31,0.02
1.42,1.43,Callum Robinson,West Bromwich Albion,IRL,"FW,MF",-0.13,0.59,0.23,-0.01,0.75,-0.71,-0.59,-1.12,-0.25,-0.27,0.26,-0.42,-1.08,-0.33,1.02,-0.77,0.59
1.43,1.44,Romaine Sawyers,West Bromwich Albion,SKN,MF,0.62,-0.28,-0.04,-0.09,-0.64,-0.71,-0.17,0.77,-0.25,-0.27,-0.86,-0.78,-0.22,-0.33,-0.74,-0.77,-0.84
1.44,1.45,Okay Yokuşlu,West Bromwich Albion,TUR,MF,0.12,-0.57,-0.23,-0.26,-0.64,-0.26,-0.46,0.52,-0.25,-0.27,-0.53,-0.54,0.64,-0.33,-0.74,-0.12,-0.84
1.44,1.45,Jake Livermore,West Bromwich Albion,ENG,MF,1.12,-0.38,-0.23,-0.34,-0.64,-0.71,-0.7,-0.67,-0.25,-0.27,-0.79,-0.78,-0.22,2.85,-0.74,-0.77,-0.84
1.45,1.46,Grady Diangana,West Bromwich Albion,ENG,"MF,FW",-0.88,-0.19,-0.23,-0.35,-0.36,-0.71,-0.75,-0.86,-0.25,-0.27,-0.33,-0.9,-1.08,-0.33,-0.31,-0.77,-0.27
1.46,1.47,Ainsley Maitland-Niles,West Bromwich Albion,ENG,MF,-0.88,-0.67,-0.32,-0.36,-0.64,-0.71,-0.67,-0.39,-0.25,-0.27,-0.59,-0.42,-0.22,-0.33,-0.74,-0.77,-0.84
1.47,1.47,Mbaye Diagne,West Bromwich Albion,SEN,FW,0.62,-0.57,-0.32,-0.4,0.19,0.18,-0.94,-1.19,-0.25,-0.27,1.56,0.54,-0.22,-0.33,0.66,0.62,-0.43
1.48,1.48,Karlan Grant,West Bromwich Albion,ENG,"FW,MF",-0.88,-0.09,-0.32,-0.46,-0.36,-0.71,-0.94,-0.82,-0.25,-0.27,0.19,-1.02,-0.65,-0.33,-0.25,-0.77,-0.54
1.49,1.49,Kieran Gibbs,West Bromwich Albion,ENG,DF,1.12,-1.15,-0.77,-0.8,-0.64,-0.71,-0.81,-0.95,-0.25,-0.27,-0.86,-0.66,-0.65,2.85,-0.74,-0.77,-0.84
1.49,1.49,Branislav Ivanović,West Bromwich Albion,SRB,DF,2.63,-0.86,-0.86,-0.84,-0.64,-0.71,-0.81,0.79,-0.25,-0.27,-0.53,-0.9,-0.22,-0.33,-0.74,-0.77,-0.84
1.5,1.5,Robert Snodgrass,West Bromwich Albion,SCO,"MF,FW",1.63,-1.35,-1.05,-1.1,-0.64,-0.71,-1.09,-0.05,-0.25,-0.27,-0.73,-0.3,-0.22,-0.33,-0.74,-0.77,-0.84
1.51,1.5,Filip Krovinović,West Bromwich Albion,CRO,MF,-0.38,-1.06,-1.14,-1.08,-0.64,-0.71,-0.72,0.69,-0.25,-0.27,-0.66,-0.42,-1.08,-0.33,-0.74,-0.77,-0.84
1.52,1.52,Hal Robson-Kanu,West Bromwich Albion,WAL,FW,1.37,-0.28,-1.41,-1.06,-0.08,-0.71,-1.17,-0.65,-0.25,-0.27,0.65,-0.3,-0.22,-0.33,1.2,-0.77,-0.41
1.53,1.52,Kamil Grosicki,West Bromwich Albion,POL,"FW,MF",1.63,-1.83,-1.41,-1.49,-0.64,-0.26,-1.23,-1.87,-0.25,-0.27,-0.53,-0.18,-1.08,-0.33,-0.74,4.89,-0.84
1.53,1.53,Kyle Edwards,West Bromwich Albion,ENG,"MF,FW",-0.88,-1.64,-1.5,-1.53,-0.64,-0.71,-1.25,0.86,-0.25,-0.27,-0.2,-1.02,-1.08,-0.33,-0.74,-0.77,-0.84
1.54,1.55,Charlie Austin,West Bromwich Albion,ENG,FW,1.37,-1.64,-1.6,-1.51,-0.64,-0.71,-1.25,-0.77,-0.25,-0.27,-0.07,-1.02,-1.08,-0.33,-0.74,-0.77,-0.84
1.55,1.56,Rekeem Harper,West Bromwich Albion,ENG,MF,-1.38,-1.93,-1.6,-1.62,-0.64,-0.71,-1.28,0.27,-0.25,-0.27,-0.14,-1.02,-1.08,-0.33,-0.74,-0.77,-0.84
1.56,1.58,George Baldock,Sheffield United,ENG,DF,0.37,0.98,1.33,1.28,-0.64,0.18,0.54,-0.11,-0.25,-0.27,-0.66,-0.42,1.93,-0.33,-0.74,-0.22,-0.84
1.57,1.58,Chris Basham,Sheffield United,ENG,"DF,MF",1.63,0.88,1.23,1.06,-0.64,-0.26,0.45,0.28,-0.25,-0.27,-0.73,-0.66,1.07,-0.33,-0.74,-0.49,-0.84
1.57,1.59,Enda Stevens,Sheffield United,IRL,DF,1.12,0.78,1.14,1.19,-0.64,-0.26,0.96,-0.24,-0.25,-0.27,-0.66,-0.42,1.5,-0.33,-0.74,-0.49,-0.84
1.58,1.6,John Egan,Sheffield United,IRL,DF,0.37,0.88,1.14,1.12,-0.64,-0.26,0.43,0.71,-0.25,-0.27,-0.79,-0.9,1.93,2.85,-0.74,-0.49,-0.84
1.59,1.6,John Fleck,Sheffield United,SCO,MF,0.62,0.88,1.05,1.06,-0.64,0.18,0.62,-0.16,-0.25,-0.27,-0.73,0.06,0.64,-0.33,-0.74,-0.12,-0.84
1.6,1.61,David McGoldrick,Sheffield United,IRL,"FW,MF",1.63,1.27,0.96,0.87,1.59,-0.26,0.19,-0.64,-0.25,-0.27,0.78,-0.42,1.93,-0.33,1.08,-0.4,0.74
1.61,1.61,Oliver Norwood,Sheffield United,NIR,MF,0.87,0.98,0.78,0.69,-0.64,-0.71,1.05,0.04,-0.25,-0.27,-0.79,-0.18,1.5,-0.33,-0.74,-0.77,-0.84
1.61,1.62,Ethan Ampadu,Sheffield United,WAL,"DF,MF",-1.63,0.3,0.5,0.55,-0.64,-0.71,0.39,0.16,-0.25,-0.27,-0.86,-0.54,0.21,-0.33,-0.74,-0.77,-0.84
1.62,1.63,John Lundstram,Sheffield United,ENG,MF,0.12,0.59,0.5,0.49,-0.64,0.18,0.35,0.23,-0.25,0.66,-0.33,-0.42,2.36,2.85,-0.74,0.06,-0.84
1.63,1.63,Ben Osborn,Sheffield United,ENG,"MF,DF",-0.13,0.2,-0.04,0.04,-0.36,-0.71,0.03,-0.04,-0.25,-0.27,-0.46,0.42,-0.65,-0.33,-0.38,-0.77,-0.11
1.64,1.64,Oliver Burke,Sheffield United,SCO,FW,-0.63,0.3,-0.32,-0.31,-0.36,-0.26,-0.89,-1.16,-0.25,-0.27,0.19,0.54,-0.22,-0.33,-0.31,-0.12,-0.54
1.65,1.65,Sander Berge,Sheffield United,NOR,MF,-0.88,-0.67,-0.41,-0.47,-0.36,-0.26,-0.57,0.35,0.81,0.66,-0.27,0.18,0.64,-0.33,-0.25,-0.03,-0.33
1.66,1.65,Oliver McBurnie,Sheffield United,SCO,FW,-0.38,0.1,-0.5,-0.26,-0.36,-0.71,-0.63,-2.19,-0.25,-0.27,0.45,-0.18,-0.22,-0.33,-0.31,-0.77,-0.59
1.66,1.66,Rhian Brewster,Sheffield United,ENG,FW,-1.38,0.49,-0.5,-0.46,-0.64,-0.71,-0.95,-1.34,-0.25,-0.27,-0.01,0.54,-0.65,-0.33,-0.74,-0.77,-0.84
1.67,1.67,Jayden Bogle,Sheffield United,ENG,DF,-1.38,-0.57,-0.5,-0.48,-0.08,-0.71,-0.7,-0.13,-0.25,-0.27,-0.01,-0.9,-0.22,-0.33,0.23,-0.77,-0.11
1.68,1.67,Kean Bryan,Sheffield United,ENG,DF,-0.63,-0.86,-0.5,-0.59,-0.36,-0.71,-0.6,-0.86,-0.25,-0.27,-0.66,-0.66,-0.65,-0.33,-0.19,-0.77,0.44
1.69,1.68,Jack Robinson,Sheffield United,ENG,DF,0.12,-1.06,-0.77,-0.73,-0.64,-0.26,-0.61,0.18,-0.25,-0.27,-0.66,0.06,0.21,-0.33,-0.74,0.16,-0.84
1.7,1.69,Billy Sharp,Sheffield United,ENG,FW,2.13,-0.57,-0.96,-0.88,0.19,-0.71,-1.11,-1.26,1.87,1.58,1.24,-0.18,-0.65,-0.33,1.5,-0.77,-0.37
1.7,1.69,Max Lowe,Sheffield United,ENG,DF,-0.63,-1.35,-0.96,-1.07,-0.64,-0.71,-0.95,-1.91,-0.25,-0.27,-0.86,-0.66,-0.65,-0.33,-0.74,-0.77,-0.84
1.71,1.71,Daniel Jebbison,Sheffield United,ENG,FW,-2.13,-1.74,-1.32,-1.35,-0.36,-0.71,-1.25,-1.16,-0.25,-0.27,2.35,-0.9,-1.08,-0.33,1.2,-0.77,-0.74
1.72,1.71,Lys Mousset,Sheffield United,FRA,"FW,MF",-0.38,-1.06,-1.41,-1.34,-0.64,-0.71,-1.22,0.1,-0.25,-0.27,0.52,0.18,-1.08,-0.33,-0.74,-0.77,-0.84
1.73,1.73,Antwoine Hackford,Sheffield United,ENG,"DF,FW",-2.39,-2.03,-1.6,-1.64,-0.64,-0.71,-1.3,2.77,-0.25,-0.27,6.67,-1.02,-1.08,-0.33,-0.74,-0.77,-0.84
